UniqueCount	AmbigCount
0	1
0	1
0	1
0	20
0	20
0	20
0	0
0	0
0	0
13	0
0	6
0	6
0	6
0	631
0	631
9	0
32	0
0	0
0	0
0	0
0	0
0	2
0	3
0	2
0	3
0	75
0	75
0	75
0	74
0	75
0	2
0	3
0	2
0	2
0	2
0	0
0	0
7	70
0	70
4	0
0	0
0	0
1	0
0	0
0	0
0	0
0	0
0	0
2	0
0	0
0	0
0	0
0	38
0	38
2	3
5	3
0	2
211	0
3	0
1	19
0	19
0	0
0	0
0	0
0	1
0	0
0	0
0	1
0	0
1	0
0	1
0	1
0	18
0	18
0	1
0	1
0	1
0	1
0	1
0	1
0	0
0	0
0	53
2	68
0	68
0	68
34	0
0	1
0	1
130	0
124	0
0	0
0	0
1904	0
153	0
0	26
0	26
0	25
2	1
0	10
0	10
85	0
0	15
0	15
22	0
31	0
0	15
0	15
0	15
0	15
0	15
0	0
0	0
0	4
0	4
1	0
1482	0
0	0
0	0
0	0
0	0
26	0
2	0
0	0
0	0
0	11
0	11
0	47
0	47
0	47
0	47
0	48
0	48
0	47
0	47
0	47
0	0
0	0
0	0
0	0
0	0
0	0
0	0
63	0
0	0
0	0
0	0
66	0
18	0
0	0
0	0
2	0
0	0
0	0
0	0
0	0
0	0
0	0
58	0
6	0
1	0
15	0
0	257
0	3
0	3
0	3
2	1
0	254
113	0
16	0
0	2
0	2
0	0
1	0
10	0
0	0
0	0
0	0
0	0
0	0
0	0
11	0
2	0
10	0
4	0
0	5
0	5
0	5
0	0
0	0
0	0
0	0
44	0
0	5
0	5
0	0
1	0
0	0
0	0
0	0
70	0
2	0
12	7
0	7
0	1
0	1
1	0
0	9
0	9
443	0
20	0
2	0
0	0
0	0
0	0
0	0
1	0
0	0
0	0
0	0
30	0
0	0
0	0
0	0
0	0
0	0
0	0
28	0
0	0
26	0
20	0
30	0
4	0
1	0
0	0
0	0
0	0
0	6
0	6
4	10
0	11
0	11
1	0
4759	0
0	0
0	0
0	0
0	0
0	0
0	0
0	0
2	387
131	387
0	0
0	0
0	0
0	0
0	0
0	0
0	0
10	0
3	0
1	0
0	0
0	0
0	0
0	0
0	0
0	0
0	0
0	0
0	0
0	0
1	0
0	0
0	0
0	0
1	0
0	0
0	0
0	19
0	19
0	23
0	61
0	61
0	61
0	61
0	60
0	19
0	20
0	19
0	10
0	10
0	0
0	0
0	0
0	0
0	4
0	4
0	4
0	4
0	0
0	25
0	25
2	41
20	41
101	0
0	0
0	6
0	6
0	31
0	31
0	33
0	33
16	0
91	0
164	0
53	0
21	0
0	4
0	4
120	0
0	0
0	0
0	36
0	36
0	36
0	0
0	12
0	12
59	0
5	0
9	0
8	0
0	63
0	62
0	63
0	0
14	0
0	0
0	0
0	0
0	0
1	0
18	0
0	0
0	0
52	0
1	418
0	423
0	423
0	3
0	3
0	2
0	2
0	0
3	0
2	0
0	0
0	0
0	0
0	0
20	0
0	0
0	4
0	4
0	0
26	0
68	0
0	0
44	0
2	0
0	0
0	1
0	1
1	0
0	1
0	1
0	1
0	1
0	1
17	0
41	0
2	0
1	141
0	141
0	0
0	0
0	1
0	1
115	0
0	0
0	0
1	0
0	0
0	0
131	0
106	0
0	0
2	0
0	0
0	0
0	0
0	0
0	0
0	0
0	0
0	0
0	18
0	18
173	0
5	0
0	0
24	0
1	0
0	0
0	0
0	0
0	0
0	0
0	0
12	0
7	0
323	0
850	0
5	0
0	0
0	0
1	0
2	0
112	0
0	19
0	19
0	0
0	0
0	0
0	0
0	0
0	0
0	0
0	0
0	0
0	0
0	0
2	255
0	255
0	1
0	1
0	1
5	2
0	2
0	54
0	56
0	55
0	54
0	54
0	54
0	54
0	54
0	54
0	55
0	56
0	55
0	55
0	55
0	55
0	55
0	56
0	55
0	55
0	55
4	48
0	48
0	22
0	11
0	13
0	0
0	0
0	0
0	0
0	0
0	7
0	7
14	0
1	0
9	0
9	0
9	0
197	0
0	0
0	0
0	0
0	0
0	81
0	81
0	1
0	2
0	1
1	2
0	4
0	1
2	2
0	2
0	0
0	5
0	2
0	1
0	0
0	0
0	0
0	0
21	0
92	0
0	0
0	0
113	0
3	0
0	0
44	0
0	4
0	4
0	2
30	0
1	0
97	0
1	0
8	0
1	0
1	0
5	0
0	22
0	22
0	0
0	0
0	0
1	0
0	0
0	0
0	0
0	0
0	0
0	0
0	0
0	0
0	0
0	0
0	0
0	0
0	0
0	0
0	0
0	0
0	0
0	0
0	0
1	0
2	0
0	0
0	0
0	0
0	0
34	0
396	0
176	0
0	0
0	0
0	0
0	0
0	0
0	15
0	15
0	0
0	0
0	13
0	13
0	13
0	13
0	13
0	13
0	13
0	0
0	13
0	13
0	12
162	0
0	0
0	0
0	0
0	0
0	0
0	0
0	0
1	0
0	0
0	0
0	0
0	9
0	9
66	0
0	5
0	4
0	1
0	0
0	0
0	0
0	0
0	0
0	5
0	5
0	54
0	54
0	0
1	0
3	0
0	24
0	18
0	23
0	24
0	19
0	24
0	24
13	11
7	11
27	16
0	16
0	16
0	8
1	16
0	16
0	16
7	16
2	16
0	16
140	74
10	0
166	74
0	0
0	0
0	0
0	0
0	0
0	0
0	29
7	29
0	29
0	29
0	1
0	1
0	1
27	0
0	0
0	0
0	0
0	0
0	0
2	0
5	0
0	0
0	0
0	2
0	2
37	0
0	0
0	0
0	2
0	2
0	2
0	2
0	2
0	2
4	0
2	0
11	0
1	0
20	10
0	10
79	0
20	0
4	0
0	0
35	90
0	90
0	0
0	7
0	7
0	7
0	7
0	6
3	6
114	6
0	0
232	0
34	0
361	0
31	0
774	0
26	0
0	0
0	0
0	0
0	0
0	0
0	0
0	0
2	0
102	0
285	0
0	0
0	82
0	82
0	0
0	0
0	0
0	0
0	0
0	0
0	0
98	0
23	0
0	0
50	0
1	0
0	0
32	0
23	0
0	0
0	0
24	0
0	2
0	2
0	2
37	1
9	0
0	0
0	0
0	0
0	0
0	0
124	0
58	0
13	0
0	0
0	0
0	0
12	0
7	0
529	29
0	12
2	133
0	133
0	132
0	0
0	0
0	0
0	0
0	0
0	0
0	0
0	2
0	1
0	2
0	2
0	2
0	2
0	0
0	0
0	0
0	0
18	0
1	0
0	0
6	0
24	0
0	8
0	8
0	1
3	31
2	31
0	1
0	0
0	0
6	267
0	267
0	1
0	1
0	9
0	9
0	32
0	32
0	32
0	32
0	32
0	0
0	0
0	0
0	32
0	32
1	0
0	0
5	0
0	0
3	0
126	0
0	0
207	0
0	4
0	4
1	0
58	0
162	0
0	21
0	21
0	0
0	0
122	0
0	0
0	0
0	0
0	0
0	0
0	0
0	0
0	0
2	0
0	0
0	0
0	0
0	0
0	0
0	0
0	0
0	7
0	7
12	0
2	0
12	0
0	0
0	0
1	0
0	0
0	0
0	0
0	0
0	0
0	0
0	0
0	0
25	2
0	2
0	1
0	1
15	0
0	0
0	0
0	0
0	0
0	0
0	0
0	0
0	0
0	0
0	9
0	9
113	0
49	0
1527	0
1	20
0	20
0	0
0	0
0	0
1	0
47	0
3	0
0	0
0	0
0	1
0	1
0	1
0	0
0	0
0	0
0	0
0	0
7	0
1	0
0	0
27	0
0	0
0	0
7	0
1	0
0	0
0	0
0	0
0	0
0	0
0	0
0	0
0	0
0	0
1	0
1	0
0	0
0	0
0	0
2	0
5	0
3	0
0	0
0	0
44	0
2	0
0	1
1	1
1	151
0	151
0	8
0	8
2	4
5	4
0	0
0	0
0	0
0	0
138	0
0	0
0	0
0	0
0	0
0	0
0	0
2	0
59	0
0	0
0	1
0	1
0	0
0	0
0	0
0	0
0	0
0	0
0	0
2	0
0	0
1	0
0	0
0	0
0	0
0	1
0	0
0	1
0	0
0	0
0	1
0	1
0	0
0	0
0	0
1	0
3	0
0	1
0	1
0	1
0	0
0	0
0	0
0	0
14	0
37	0
39	0
6	0
61	0
28	13
0	13
0	13
128	0
0	0
207	0
24	0
52	0
135	0
1	0
112	0
0	0
0	0
1	0
0	0
0	0
0	0
0	0
6	0
0	0
0	0
0	0
108	0
0	15
0	15
6	0
0	53
0	53
0	0
0	0
0	0
0	0
0	0
0	0
0	0
0	0
0	0
0	0
162	0
2	0
8	0
1534	0
1	0
0	59
0	60
0	60
0	59
0	54
0	54
0	53
0	59
0	34
0	53
25	9
0	54
0	41
0	29
0	16
0	7
0	59
0	34
0	1
0	0
0	0
0	20
0	20
0	11
0	11
0	0
0	0
83	0
0	9
0	9
92	0
0	0
0	0
268	0
12	0
182	0
0	77
0	77
0	0
35	0
9	0
22	0
0	83
0	89
0	89
0	89
0	85
0	0
7	0
607	0
8355	0
0	0
247	0
58	0
0	1
0	1
0	1
0	1
0	5
0	5
0	5
0	5
0	5
0	5
0	5
0	4
0	4
0	1
0	1
2	1
1	0
3	0
40	0
0	0
5	0
0	0
0	0
21	0
0	0
0	0
0	0
0	9
0	9
0	6
0	8
0	4
2	3
1	3
0	3
0	7
0	5
0	0
0	0
6	0
23	0
4	0
0	0
7	0
0	0
36	0
8	0
3	0
161	0
5	0
24	0
0	0
0	0
0	0
2	0
0	48
0	45
0	1
0	4
0	1
0	4
0	1
0	40
0	40
0	40
0	40
0	40
0	40
0	0
0	0
0	0
3	0
10	0
1	0
0	0
0	0
0	0
0	0
0	0
0	0
0	148
6	148
55	0
6	0
0	0
0	0
3	0
0	0
0	8
0	8
25	1
0	1
0	1
0	0
0	0
0	0
0	0
0	0
0	0
0	0
34	0
16	0
0	0
0	0
0	0
0	0
0	0
0	0
1	0
0	0
0	0
0	0
0	0
0	12
0	12
0	12
0	53
0	53
0	0
8	0
3	0
0	0
11	0
1	0
45	0
0	0
0	0
0	1
0	1
0	1
0	0
0	0
0	0
1	0
0	2648
0	2648
0	1402
0	1445
0	1445
4	1402
4	0
0	0
0	0
0	0
0	0
30	0
6	0
213	0
18	0
15	0
0	1538
0	1538
90	0
0	0
7	0
7	0
0	0
26	0
3	0
1	0
1135	151
559	151
2	5
0	5
0	5
9	28
35	28
0	0
0	0
1	82
9	82
0	79
13	0
0	0
0	0
10	0
0	140
0	140
1	127
0	127
0	127
0	4
1	4
3	0
0	0
0	0
0	0
1	0
32	0
0	0
55	0
142	0
0	0
0	0
58	0
0	0
0	0
12	0
19	0
68	0
2	0
0	0
0	0
0	0
2	0
20	0
2	0
3	0
0	0
0	0
0	0
1	0
0	0
0	43
0	43
0	24
0	24
0	17
0	24
0	17
0	17
0	23
0	16
0	16
0	22
0	15
0	15
17	0
46	0
0	12
0	12
0	12
0	12
7	0
1	0
1	0
0	0
0	3
0	3
0	0
0	0
1	2
13	0
0	0
6	189
0	189
0	118
0	0
5	0
0	6
0	6
0	6
0	5
16	0
0	1
0	0
0	1
0	1
40	0
58	0
1	0
6	0
0	187
0	187
1	2
2302	2
16	0
1469	0
518	0
0	468
1	468
1	23
0	29
0	29
0	29
0	23
0	0
1	7
19	7
0	7
0	0
0	283
3	283
1	7
0	7
0	0
1	0
0	2
0	2
1	0
2	0
0	0
0	10
1	10
899	0
0	0
0	0
0	0
0	0
0	0
0	0
6	0
12	0
0	0
25	0
39	0
114	0
72	15
0	15
167	0
0	0
0	0
0	2
0	2
0	713
0	711
0	713
0	712
0	710
0	710
0	707
0	0
41	0
35	0
0	9
0	9
0	2
0	0
0	0
0	0
0	0
0	0
0	9
0	9
0	9
0	9
0	3
0	3
0	3
1	7
5	81
0	62
0	62
0	62
0	81
0	0
0	0
0	0
7	0
0	0
0	0
0	0
21	0
22	0
0	38
0	38
25	0
0	8
1	8
133	0
0	14
0	14
0	14
0	14
0	3
0	3
0	3
85	0
1	0
0	9
0	9
0	9
0	9
46	0
7	1
11	0
3	0
30	0
240	0
0	3
0	3
118	0
38	0
1	0
10	1
0	1
0	1
0	0
1	0
18	0
0	0
3	0
6	0
0	0
0	0
0	0
0	0
0	0
0	0
0	0
7	0
0	0
189	0
15	0
1	0
0	14
0	14
0	13
0	12
0	0
0	13
18	0
0	0
0	0
0	0
15	19
0	19
37	0
5	0
0	0
0	0
0	0
0	9
0	9
0	0
0	0
0	0
0	0
0	0
0	0
0	1
0	1
0	0
13	0
0	0
0	0
0	0
1	0
6	0
545	0
3	0
5	0
1	0
0	0
4	1
0	1
5	0
0	0
2	61
0	61
0	36
0	36
0	33
0	33
0	10
0	10
0	10
0	10
0	10
0	10
0	0
0	118
0	121
0	121
0	0
0	0
0	0
0	0
0	0
160	40
0	40
0	40
0	0
0	0
0	0
0	0
0	0
0	0
1	0
0	0
0	0
1	0
0	0
0	0
48	0
0	0
0	0
0	0
0	0
0	0
0	0
0	0
0	0
0	0
0	0
0	0
0	0
1	0
4	0
0	0
0	0
0	0
0	3
0	3
0	11
0	9
0	8
0	8
0	5
0	5
0	5
860	0
695	0
17	8
0	8
0	8
0	0
16	246
3	246
0	0
1	0
17	0
0	0
0	2
0	2
0	0
0	0
0	0
3	0
158	0
0	0
0	0
0	0
0	6
0	6
0	6
0	6
0	6
0	6
0	6
0	6
0	6
0	6
0	0
0	0
0	0
0	0
0	0
0	0
0	0
0	0
0	0
0	0
0	0
0	0
0	0
1	0
161	0
0	0
0	0
0	0
0	0
0	5
0	5
0	0
0	0
0	0
0	0
0	0
0	0
2	0
4	10
0	10
0	10
0	0
0	0
0	0
0	0
190	0
0	36
0	36
12	0
0	0
0	273
0	273
0	0
0	17
0	17
0	7
0	7
0	2
0	1
0	1
0	1
0	0
0	0
6	0
1	0
0	3
0	3
0	0
0	0
0	0
0	0
0	0
0	0
0	0
0	0
0	2
0	2
0	2
12	0
7	0
0	0
0	0
0	0
0	0
30	9
0	9
0	6
0	6
0	6
1	0
0	0
0	0
0	3788
0	3788
0	23
0	23
0	23
0	28
0	28
0	4
0	4
0	0
0	0
0	0
119	0
0	0
45	0
4	0
0	2
0	2
0	0
0	0
28	0
3	0
0	0
0	0
0	0
0	0
98	0
0	0
0	1
0	1
0	1
1	0
0	0
0	2
0	2
0	0
0	0
0	1
0	0
0	0
0	0
0	1
0	0
0	1
0	0
0	0
0	0
0	0
0	0
2	0
1	0
39	0
0	0
0	0
1	0
8	0
32	0
161	0
186	0
26	0
0	0
43	9
0	9
17	0
0	0
0	0
0	0
47	0
2	3
0	3
0	0
0	0
2	18
0	0
0	18
0	0
0	0
0	0
1	0
0	0
0	0
0	0
0	0
0	0
0	0
0	0
0	0
0	0
3	0
25	0
0	2
0	2
0	2
0	1
0	1
0	0
1	0
0	0
21	0
87	0
0	11
0	11
2	0
0	0
0	0
5	0
0	28
0	28
0	28
0	2
0	2
0	2
0	1
0	24
8	26
9	26
0	26
0	26
0	26
0	26
0	26
0	0
0	0
0	0
0	0
0	0
0	0
0	0
0	0
0	0
0	2
0	2
0	8
0	8
0	0
731	25
0	25
1	25
0	0
0	0
79	0
141	0
0	0
2	0
0	0
1	0
4	0
69	0
30	0
0	0
0	0
39	0
34	0
87	0
0	0
9	0
0	0
1	0
0	0
0	86
4	74
0	103
629	0
40	0
3	0
1	7
0	7
1	7
0	7
0	6
0	6
0	48
0	48
0	46
0	46
0	46
1	38
0	38
0	38
0	0
0	0
3	0
0	3
0	3
32	0
0	0
1	0
0	0
0	0
0	0
0	0
0	0
0	0
0	0
0	65
1	65
13	65
41	65
2	65
179	0
23	0
0	0
3	503
0	503
0	0
0	0
0	0
3	0
1	0
2	0
1	0
0	1
0	1
0	1
9	0
0	0
0	0
0	2
0	15
0	2
0	15
2	0
0	8
0	8
61	0
0	50
0	50
3	0
19	0
0	0
1	0
0	0
0	0
0	0
0	3
0	3
0	3
0	2
0	3
0	2
0	2
0	2
0	2
0	2
0	2
0	2
0	3
0	3
0	3
0	3
0	2
0	0
0	0
0	0
0	0
0	0
0	0
0	0
1	0
1	0
2	41
0	41
21	0
280	0
84	0
0	2
0	2
0	0
0	0
0	0
1	0
0	0
7	0
0	0
0	0
0	3
0	3
0	0
0	0
0	0
0	1
0	1
0	1
0	0
0	0
0	0
0	0
0	0
0	0
0	0
11	0
0	0
0	0
0	4
0	4
14	7
0	7
0	7
0	0
0	0
0	0
41	0
0	4
0	4
0	4
0	0
0	0
0	0
0	3
0	3
0	3
0	19
0	19
0	19
0	19
9	0
0	4
0	4
1	3
0	4
0	3
0	3
20	0
0	3
0	3
0	0
0	0
4	0
0	0
0	9
0	9
0	9
22	0
2	0
0	15
0	15
0	0
2	0
0	0
0	0
0	2
0	2
4	0
3	0
1	0
0	6
0	6
0	0
0	0
0	0
21	0
7	21
0	21
7	0
217	0
0	0
10	0
0	0
0	0
0	0
0	0
61	0
69	0
171	0
40	0
0	0
0	0
0	0
0	0
0	0
0	0
0	0
0	0
0	0
0	0
0	16
0	16
0	16
0	16
0	16
11	10
1	0
147	0
0	0
0	0
0	0
0	0
1	0
3	0
10	0
4	0
0	0
17	0
23	0
9	0
0	0
0	0
9	0
0	0
8	0
0	71
0	71
0	0
3	0
0	0
0	0
0	0
0	0
0	0
0	0
0	0
0	0
0	0
1	0
0	0
0	0
0	0
0	0
0	0
0	0
4	0
5	0
2	0
3	1
0	1
3	0
1	0
0	0
0	0
28	0
28	256
42	0
0	0
0	0
0	9
0	9
0	0
29	0
123	0
1	5
0	5
24	0
0	0
0	0
0	0
0	0
0	0
2	83
0	83
0	0
1	0
0	0
0	0
0	0
0	0
0	0
0	0
0	0
0	0
0	0
2	0
9	13
0	13
0	0
0	8
0	8
0	8
0	8
0	8
0	8
0	8
0	8
0	8
0	8
0	8
0	8
0	8
0	8
0	6
1	0
20	0
112	0
8	0
0	7
0	7
52	0
0	5
0	3
0	2
0	5
0	3
0	2
3	0
13	0
0	0
0	0
0	0
169	0
9	0
0	0
0	4
0	4
0	4
0	14
0	14
0	14
0	14
0	14
0	14
0	0
1	0
0	309
0	302
0	309
6	0
43	0
6	0
168	0
44	0
32	0
513	0
0	4
0	4
0	5
0	5
0	5
0	4
0	4
0	4
69	0
5	0
0	0
0	0
0	4
0	4
0	4
0	4
0	4
0	4
9	4
2	0
6	0
9	0
0	2
0	2
0	2
0	14
0	14
0	14
0	14
0	14
0	14
0	14
0	14
0	0
0	0
0	1
0	1
4	0
0	0
7	0
0	0
0	1
0	1
0	0
0	0
0	0
0	0
0	0
0	0
0	1
0	0
0	0
0	0
0	0
0	0
0	0
0	0
0	0
0	0
0	0
0	0
0	0
169	41
1	41
66	0
0	29
0	4
23	4
0	29
850	0
35	0
0	1
2	1
3	0
1	0
132	0
0	0
0	150
0	150
0	150
0	149
0	150
0	151
0	150
0	0
0	0
0	0
0	0
0	0
64	0
1	0
0	0
0	0
0	0
0	0
0	0
0	0
0	0
0	5
0	5
0	5
94	0
0	0
0	0
0	0
0	0
0	0
0	0
0	0
1	0
0	0
0	0
0	0
0	0
1	0
0	0
0	0
4	0
0	0
0	0
0	0
0	0
0	0
0	0
0	0
0	18
0	18
0	18
0	3
44	0
4	0
64	0
13	0
2	0
0	0
0	0
0	0
0	0
0	0
0	0
0	0
0	0
0	0
0	0
0	0
0	0
0	0
2	0
0	0
0	0
76	0
0	0
0	0
0	0
0	0
0	0
0	0
0	0
0	0
0	0
0	0
0	0
0	0
0	0
0	0
0	0
0	0
0	2
0	2
28	0
209	0
4	0
46	0
0	12
0	12
0	12
1	12
0	0
0	2
0	2
9	0
70	0
0	0
0	0
0	0
0	0
0	0
0	0
0	0
0	0
0	0
0	0
0	0
0	0
8	0
9	0
627	0
0	0
0	0
0	0
0	0
0	0
0	0
0	0
0	0
0	0
0	0
0	0
0	0
0	0
1	7
0	7
0	0
0	640
0	640
0	118
1	118
0	5
0	5
7	0
7	2
0	2
0	2
1	1
0	2
0	2
0	1
113	2
248	2
74	0
0	0
0	0
0	0
0	0
0	0
0	0
0	0
0	0
0	0
0	0
0	0
0	0
0	0
0	0
0	0
0	0
0	0
0	0
0	0
0	0
0	0
30	0
0	0
1	166
0	166
1	0
3	0
2	0
35	0
0	0
0	0
13	0
29	0
37	0
0	0
0	0
6	83
2	82
0	83
2	3
0	39
0	39
0	39
0	1
0	1
0	0
3	0
0	0
18	0
0	0
0	10
0	10
27	0
8	0
95	0
1	0
0	0
4	0
0	0
0	0
0	0
3	0
0	0
4	0
0	18
0	18
5	0
0	0
5	0
132	0
0	3
0	3
0	3
0	3
0	2
0	2
0	1
1	1
0	2
0	2
0	2
5	0
87	0
0	8
0	8
40	0
38	0
1	0
1	0
219	0
1	0
0	133
0	133
0	0
0	0
103	0
10	0
5	0
14	0
4	0
0	0
0	0
18	0
99	0
4	0
0	10
0	10
36	0
62	0
0	1
0	0
41	1
0	1
0	1
3	1
0	1
0	1
216	0
0	0
66	0
9	0
79	56
0	56
85	0
3	0
102	0
0	0
17	0
267	0
52	0
21	4
0	4
0	4
0	10
0	10
272	0
75	0
0	11
0	11
0	11
0	11
0	19
0	19
0	19
19	0
0	0
0	0
0	0
0	0
0	0
0	12
0	16
0	16
1	12
0	12
0	60
2	60
0	1
1	0
116	0
0	0
0	0
0	0
0	0
0	0
0	0
0	0
0	0
0	0
0	0
0	0
0	0
26	0
115	0
153	0
29	0
1	0
233	0
5	0
0	0
3	0
0	0
0	0
7	0
0	22
0	22
0	22
0	0
0	105
0	105
12	0
5	0
0	0
0	0
0	9
0	9
3	0
276	0
0	1
2	1
0	1
5	5
287	0
11	5
0	3
0	3
0	3
0	1
0	142
0	142
0	13
0	13
0	13
3	0
9	0
203	0
36	0
682	0
0	0
0	6
0	67
0	67
0	0
0	0
0	0
27	0
0	41
0	41
0	41
0	41
2	0
0	115
0	115
0	115
10	0
18	79
0	79
1	79
0	29
0	29
0	29
0	27
0	14
0	14
1	0
10	0
1	0
0	0
0	0
0	0
0	0
0	0
0	0
0	0
0	1
0	1
0	1
0	21
0	21
0	21
6	0
0	0
0	0
107	0
75	0
0	35
0	36
0	36
0	35
0	35
0	0
0	0
0	0
0	0
0	0
0	0
0	0
0	0
0	0
0	0
0	0
0	0
0	0
0	0
0	0
0	0
0	0
0	0
0	0
0	0
0	0
0	0
0	0
0	0
0	0
0	0
0	0
0	0
0	0
0	0
0	0
0	0
0	0
0	0
0	0
0	0
0	0
0	0
0	0
0	0
0	0
0	0
0	0
0	0
0	0
0	0
0	0
0	0
0	0
0	0
0	0
0	0
0	0
0	0
0	0
0	0
0	0
0	0
0	0
1	0
0	17
1	17
0	0
3	0
17	0
51	0
0	0
7	2
0	2
0	35
1	35
2	0
0	0
1	26
0	39
0	39
0	39
0	0
1587	0
217	0
18	0
0	0
1	0
4	0
33	0
0	0
0	0
0	0
0	0
8	0
0	1
0	1
0	0
0	0
0	0
0	0
0	0
0	0
0	0
0	0
0	0
0	0
0	0
0	0
0	0
0	0
0	0
0	0
0	0
0	3
0	3
0	0
0	0
0	0
0	0
0	0
0	0
1	0
23	0
67	0
0	0
8	0
23	0
0	3
0	3
63	0
34	0
0	0
1	0
0	1
0	1
0	1
0	1
0	1
0	0
0	0
4	0
0	0
0	0
0	0
7	0
10	0
38	0
123	0
0	1
0	1
0	0
0	0
5	0
0	0
4	0
1	0
0	0
0	6
0	6
28	0
0	0
0	0
0	0
0	0
0	0
0	0
0	0
0	0
0	0
0	5
0	5
0	5
0	5
0	5
0	0
0	0
0	0
2	0
38	2
0	2
0	0
0	0
0	5
0	5
0	2
0	2
0	2
3	0
1	0
825	0
0	12
0	12
0	0
0	0
0	0
0	0
0	0
0	0
0	0
0	0
0	0
0	0
0	0
0	0
0	0
0	0
0	0
0	0
0	0
0	0
0	0
0	0
0	0
1	0
0	0
18	0
0	0
0	0
0	0
0	0
0	0
0	0
0	0
0	0
0	0
0	0
6	18
0	18
0	18
0	0
0	0
0	0
0	0
0	0
0	40
0	40
0	40
0	0
0	0
6	0
0	0
0	0
0	0
0	1
0	2
0	2
0	1
0	0
0	0
0	0
0	0
0	9
0	10
0	10
0	0
0	0
0	2
0	2
0	2
0	2
0	1
0	1
0	1
0	1
2	0
0	0
59	0
0	21
0	21
74	0
0	33
1	33
50	0
0	68
0	69
0	69
0	69
0	69
12	0
0	31
0	31
0	0
0	0
0	1
12	1
0	0
26	0
1	0
29	0
0	2
0	2
0	2
0	2
0	2
0	2
0	2
0	3
0	3
0	0
0	0
0	0
0	0
0	9
0	9
0	0
6	0
21	0
0	0
0	0
0	2
0	2
10	0
41	0
0	0
0	1
0	1
0	0
0	0
68	0
0	15
0	11
0	15
0	11
0	15
0	0
0	0
0	22
0	22
0	0
0	0
0	0
20	0
57	0
0	0
0	0
0	0
0	0
0	0
0	0
0	0
0	0
0	0
0	0
0	0
0	0
0	0
0	0
0	0
0	0
0	0
0	0
0	0
2	0
0	0
0	0
1	0
0	0
5	187
0	187
0	0
0	0
0	0
12	0
0	0
0	13
0	14
0	13
0	19
0	12
0	16
0	12
0	17
0	10
0	0
2	0
0	0
0	0
0	0
0	0
0	0
0	0
0	0
0	0
0	0
0	0
0	0
0	0
0	0
0	0
0	0
0	0
0	0
0	1
0	2
0	1
0	2
0	1
0	0
4	0
3	0
25	0
8	0
0	2
0	2
0	2
0	2
0	0
0	0
0	0
0	0
0	0
0	0
0	0
1	0
0	0
0	0
0	0
0	3
0	3
0	0
0	0
0	0
0	0
0	0
0	0
4	0
30	0
0	0
0	45
1	45
0	7
0	2
0	0
0	0
0	0
0	2
0	2
0	2
0	0
4	0
0	0
0	9
0	15
0	27
0	33
0	15
41	0
33	0
6	0
0	9
0	9
0	0
0	0
1	0
101	0
0	0
0	0
0	0
0	0
0	0
0	0
0	13
0	13
4	2
0	2
0	5
0	5
0	1
0	0
1	0
0	0
0	1
0	1
4	0
0	5
0	5
0	5
0	21
11	0
0	21
14	0
17	0
0	0
1	0
0	0
0	0
0	0
3	0
0	4
0	4
0	4
0	0
0	3
0	3
0	2
3	0
0	0
2	0
0	0
0	0
0	0
0	0
0	0
0	0
0	0
1	0
0	1
7	4
0	4
0	0
0	0
41	0
1	0
0	0
0	0
0	0
1	0
0	0
4	0
0	9
0	9
0	0
0	0
0	0
47	0
0	0
7	0
0	0
0	0
0	0
1	0
61	0
0	0
0	0
0	1
0	1
0	0
0	2
0	2
0	2
22	0
2	0
1	0
0	2
0	2
0	0
0	0
0	0
0	0
0	0
0	0
3	0
27	0
2	0
192	0
59	0
1	14
0	14
98	0
21	0
130	0
0	1
0	1
0	0
0	36
0	36
0	36
0	94
0	94
1	7
0	7
0	7
3	5
0	5
0	2
0	0
0	1
0	0
0	0
0	14
0	14
0	12
0	12
0	8
1	2
0	2
0	97
0	99
5	82
0	82
13	17
0	17
0	0
0	0
0	0
0	0
0	0
786	0
10	0
0	1
1	1
0	1
0	0
0	0
0	0
2	0
326	0
96	0
78	0
0	1
0	1
39	0
0	0
2	0
0	0
0	108
0	108
0	108
0	7
0	7
1	0
39	0
18	0
10	0
79	0
0	0
0	0
0	0
0	1
0	1
0	0
0	0
0	0
33	0
0	0
18	0
0	0
7	0
16	0
12	0
154	0
1	0
0	0
0	0
10	0
0	0
0	0
0	0
5	73
0	73
1	0
1	0
11	0
2	0
0	1
0	1
44	1
0	1
4	0
0	2
2	2
1	2
0	0
1	0
0	0
9	1
0	1
0	1
0	68
0	68
13	0
0	0
39	5
0	0
0	5
0	5
0	5
0	0
0	0
0	0
0	0
0	0
0	0
0	0
1	0
0	0
0	0
0	0
0	0
0	0
0	0
0	0
0	0
0	0
0	0
0	0
0	0
0	0
0	0
0	0
0	0
0	0
0	0
0	0
0	0
0	0
0	0
0	0
0	0
3	0
51	0
16	0
69	0
11	12
3	12
0	0
0	0
0	0
0	0
0	0
0	0
0	0
0	0
0	2
0	2
0	2
0	2
0	2
1	2
1	2
0	2
0	2
0	2
0	2
0	2
0	0
0	0
0	0
0	0
9	0
0	20
0	20
0	0
0	0
0	0
0	0
0	0
0	0
11	0
24	0
0	0
0	0
0	0
0	0
0	0
9	0
0	0
0	0
30	0
4	0
3	1
0	1
8	0
0	0
0	0
0	0
1	44
0	44
0	6
0	6
0	6
0	6
2	0
2	0
0	3
0	3
0	0
0	0
0	0
0	0
0	0
0	0
17	0
0	0
0	0
0	0
0	0
0	0
0	0
0	0
0	0
0	1
0	1
0	1
0	1
0	1
0	0
0	0
0	0
0	0
0	0
0	0
0	0
0	0
0	0
0	0
0	0
0	0
0	0
0	0
4	0
35	6
0	6
0	44
0	2
0	43
0	0
0	98
0	98
72	0
4	0
1	7
0	7
0	7
2	3
0	3
0	3
0	0
0	0
0	0
0	0
10	0
2	0
31	0
0	1
0	1
0	1
0	0
0	0
0	0
0	0
0	0
0	0
0	0
0	0
0	0
0	0
0	0
0	0
0	0
0	0
0	0
0	0
1	0
319	0
86	0
1	0
0	1
0	0
0	1
3	0
0	1
0	1
0	1
0	0
8	0
42	0
577	0
0	11
0	11
0	5
0	7
2	0
3	0
41	0
0	7
0	7
0	7
0	7
0	6
25	0
26	0
0	0
1	0
0	0
0	0
0	0
0	0
0	0
9	0
37	0
0	0
0	0
48	0
0	0
0	0
0	5
0	5
0	5
0	5
0	5
0	4
0	3
0	2
0	3
0	3
0	3
0	3
0	3
0	3
0	3
0	2
0	3
0	2
0	2
0	0
0	0
2	0
1	0
4	0
1	1
0	1
0	1
0	1
0	1
4	0
9	0
2	8
0	8
31	1
0	1
0	1
0	12
0	12
0	15
0	64
0	64
0	15
0	11
0	10
0	10
0	10
0	12
0	12
10	0
18	0
0	10
0	0
0	0
0	0
0	0
83	0
0	0
0	0
0	0
1	0
0	0
0	0
0	0
0	0
0	0
1	0
0	3
0	3
7	1
1	1
3	5
0	5
0	5
0	5
0	5
0	0
0	0
0	0
0	0
0	0
0	0
0	0
0	0
58	0
5	0
0	8
0	8
40	0
12	20
0	20
1	0
0	0
0	64
0	64
0	64
0	25
0	0
0	0
0	0
0	0
0	0
0	0
0	3
0	3
0	3
47	0
0	41
3	43
5	43
0	41
0	41
0	0
0	0
19	0
5	18
5	18
0	0
0	56
0	57
0	2
0	3
0	2
0	55
0	0
3	0
0	0
0	0
0	0
0	17
0	17
8	0
0	0
0	0
0	4
0	4
14	0
0	1
0	1
71	0
97	115
0	115
44	0
3	0
0	830
0	830
0	823
0	823
2	823
0	823
0	823
70	0
0	0
39	0
0	689
1	685
0	689
60	686
0	689
2	348
0	0
92	0
46	0
0	0
0	0
504	0
63	0
0	13
0	13
0	13
13	0
4	0
0	2
0	2
0	2
0	0
48	0
0	0
19	0
18	1
0	1
0	2
0	2
0	2
0	2
0	2
0	0
0	0
1	0
0	0
0	0
0	0
0	0
0	0
2	0
29	0
5	5
0	5
7	0
55	0
2881	0
118	0
0	0
0	0
7	0
52	0
2	0
0	0
0	0
0	0
2	0
4	0
11	0
0	0
0	1
0	1
0	1
0	1
10	0
65	0
0	0
0	0
0	0
0	0
0	0
12	0
0	0
15	0
95	0
65	0
6	0
2	0
0	2
0	2
0	2
0	0
0	0
0	0
0	0
1	8
0	8
0	0
0	0
2	0
0	0
0	0
0	0
0	0
0	0
0	0
0	0
0	0
0	0
0	0
0	0
0	0
0	0
0	0
7	0
82	0
0	16
0	16
7	0
0	0
0	0
6	0
0	2
0	2
7	0
0	5
0	5
0	2
0	2
0	2
0	2
0	2
43	0
18	0
0	0
0	0
0	3
0	3
77	0
2	37
0	37
0	0
0	0
0	0
2	0
0	0
0	0
0	0
0	0
0	0
0	0
0	0
13	0
17	0
0	1
0	1
0	0
9	0
0	0
0	0
0	0
0	0
0	0
39	0
0	0
0	0
0	0
18	0
33	0
14	0
5	1
0	1
35	0
5	0
19	0
54	0
26	0
18	0
37	0
21	0
0	45
0	45
0	1
0	1
7	0
22	0
0	2
0	2
0	0
0	0
0	0
3	0
0	0
0	0
5	0
0	0
0	0
0	0
2	0
0	0
0	0
0	0
0	0
0	0
0	0
0	0
0	0
0	0
8	8
0	8
0	0
0	1
0	1
0	0
1	0
6	0
1	0
174	0
16	0
0	7
0	7
10	0
2	0
0	0
0	0
0	0
0	0
0	0
10	0
0	0
0	0
0	0
0	0
0	0
0	0
11	0
118	0
0	0
0	0
5	0
0	0
19	0
0	2
0	2
0	1
0	1
0	1
2	27
0	27
69	0
36	0
103	0
0	0
7	0
0	0
0	0
1	0
0	0
0	0
0	0
0	0
0	0
0	0
0	0
0	0
0	0
0	0
0	0
0	0
1	1
0	1
0	0
0	0
0	3
0	3
0	9
0	8
0	8
0	3
0	2
0	0
0	0
0	0
0	0
0	0
0	0
9	0
8	0
6	0
58	0
0	42
0	42
151	0
0	0
0	0
0	0
0	0
0	0
0	0
0	0
0	0
0	0
0	0
9	0
0	15
1	15
0	0
0	0
0	0
0	0
2	0
13	0
1	52
0	52
0	52
2	0
17	0
0	13
0	13
0	13
0	0
0	0
0	2
0	2
0	3
0	3
2	0
0	0
0	0
0	0
0	20
2	20
46	0
0	8
4	8
52	0
6	0
3	0
7	0
2	0
100	0
1	1
0	1
0	0
0	0
0	0
16	0
1	0
1	0
1	0
0	0
0	0
0	0
0	0
0	0
0	0
1	0
0	0
0	0
0	0
0	0
0	0
1	0
20	0
0	0
23	0
6	0
0	0
0	0
92	0
39	0
17	0
11	0
31	0
0	0
0	0
0	0
0	0
0	0
0	0
0	0
0	0
0	0
0	0
0	0
0	0
0	0
5	0
14	0
12	2
0	2
0	0
0	0
0	0
0	0
12	0
0	0
25	0
16	0
88	0
6	0
2	0
11	0
0	0
0	0
0	0
0	0
0	0
0	0
0	0
0	0
0	0
0	0
0	0
0	0
1	0
0	0
0	3
5	3
0	2
0	2
0	0
0	0
289	0
55	0
348	0
12	0
0	0
2	0
0	1
0	1
35	0
57	0
44	0
115	0
7	169
0	169
0	0
0	0
0	0
0	0
0	0
0	0
0	0
0	0
0	0
1	0
1	0
0	0
0	0
0	0
0	0
0	0
0	0
0	0
0	0
0	0
0	0
6454	2912
6	2912
0	0
2	0
0	0
2	0
22	0
48	0
2	0
0	1
0	1
0	1
0	1
3	23
10	23
0	23
0	0
0	0
0	0
4	0
0	67
0	67
2	0
0	103
0	103
9	0
161	0
0	227
0	227
0	227
14	0
0	0
0	6
0	6
0	6
0	6
1	0
12	0
0	0
1	0
202	0
461	0
11	0
0	8
0	8
0	1
0	1
0	1
150	0
28	0
0	0
0	50
0	50
6	0
0	16
0	16
0	3
0	3
1	5
8	5
0	5
0	5
0	5
0	5
0	5
0	5
0	5
0	5
0	0
0	0
255	0
1	5
0	5
11	0
2	6
0	6
4	0
0	0
0	0
0	0
0	0
0	0
0	0
0	0
0	0
0	1
0	1
0	0
2	0
20	0
1	0
10	0
0	0
3	0
0	0
0	0
5	0
2	0
0	0
0	6
0	6
2	6
0	6
0	6
0	5
0	0
0	0
2	0
23	0
0	0
0	0
0	0
0	0
0	0
0	0
2	0
0	3
0	3
19	0
3	0
70	0
5	0
1	0
270	0
0	0
0	0
0	0
21	0
0	0
0	4
0	4
0	4
0	4
0	4
0	4
0	4
0	4
0	4
0	0
71	0
80	0
0	0
0	0
0	0
2	0
0	0
35	0
0	0
0	0
0	0
0	0
0	0
0	0
0	0
42	0
3	73
0	73
0	71
1	71
0	71
0	69
0	0
0	0
2	0
0	0
0	0
7	0
0	0
0	0
0	0
6	0
31	0
0	0
1	0
0	0
0	0
0	0
0	0
0	0
0	0
0	0
12	0
28	0
0	0
0	0
1	0
0	0
0	0
0	0
0	0
0	0
0	0
0	0
0	0
0	0
0	0
0	0
0	0
0	0
0	0
0	0
3	0
2	0
0	3
0	3
1	3
0	3
10	0
0	0
0	0
0	1
0	1
17	2
0	2
39	0
0	3
0	3
0	3
0	3
0	3
0	3
0	3
0	3
0	3
0	0
0	0
0	0
0	0
0	0
0	0
2	0
0	0
0	0
1	0
1	1
2	1
0	0
0	0
0	0
0	0
16	0
0	0
0	0
0	0
0	0
0	0
0	0
0	0
9	0
2495	0
0	0
0	0
0	2
0	0
0	2
0	0
0	2
0	2
0	2
0	0
5	0
0	2
0	2
0	0
0	0
0	0
0	0
9	0
3	0
13	0
7	0
78	0
0	5
0	5
0	0
0	0
52	0
0	0
0	0
0	0
0	0
0	0
0	0
61	0
2	0
29	0
2	0
15	0
25	0
0	0
0	35
0	35
4868	0
284	0
1	0
4	0
2	0
3	0
0	0
0	0
0	2
0	2
0	2
0	2
0	2
0	2
0	2
0	2
0	2
0	2
0	2
0	2
0	2
0	2
0	2
0	2
0	0
0	0
0	0
0	0
0	0
0	0
0	0
0	0
0	0
0	0
0	0
0	0
0	0
0	0
0	0
0	0
0	0
1	0
6	2
0	2
0	0
0	0
1	0
0	0
29	0
0	0
0	0
0	0
0	0
0	0
0	0
0	17
0	17
0	17
2	1
11	0
49	0
10	0
0	0
0	0
0	0
0	0
0	0
21	3
0	3
3	1
0	3
83	0
0	0
1	0
0	0
0	0
0	0
0	0
0	0
0	0
0	0
0	0
85	0
0	0
0	0
2	0
1	0
30	0
1	0
1	0
45	0
0	0
42	0
364	0
33	0
118	0
5	88
2	88
41	0
84	0
4	0
15	0
203	0
13	0
0	4
0	3
0	4
0	4
0	4
0	75
0	75
0	76
0	76
0	75
0	75
0	75
59	0
5	0
12	0
4	0
19	0
0	0
0	0
0	0
0	6
1	6
327	0
53	0
61	0
0	0
0	0
134	0
1	0
359	0
13	0
0	0
174	0
0	0
0	0
0	0
0	0
0	0
0	0
0	0
0	1
0	1
0	1
0	1
2431	0
1	4
0	4
1	0
2	0
0	0
0	0
181	0
0	36
0	37
0	37
0	37
0	37
0	37
0	2
0	354
0	81
0	319
0	0
0	0
2	0
0	0
0	0
0	0
0	0
0	0
1	0
0	0
0	0
0	0
0	0
0	0
2	0
0	151
0	151
0	151
0	151
0	151
0	151
0	151
16	0
0	0
0	0
0	0
1	15
0	15
0	15
330	0
0	0
1	0
0	0
23	0
0	0
0	0
0	0
0	0
0	0
0	3
0	3
3	0
0	0
0	0
41	0
170	0
20	0
54	0
2	0
36	0
4	0
25	0
1	0
0	0
142	7
1	7
75	0
14	0
0	0
0	0
0	0
0	0
0	0
0	0
0	0
0	0
0	0
0	0
0	0
0	0
0	0
0	0
0	0
0	0
0	0
0	0
0	0
0	0
0	0
0	0
0	0
0	0
0	0
19	0
27	0
0	0
0	0
0	0
0	0
0	0
2	0
0	0
0	0
0	0
2	0
2	0
0	0
1	0
0	0
0	0
0	0
0	1
0	1
0	1
9	0
0	0
0	0
0	0
0	0
0	0
0	0
0	0
0	0
4	0
0	0
0	0
0	0
0	0
0	1
1	1
0	1
0	15
0	15
0	0
14	0
12104	1
64	0
2014	4
511	0
47	0
2	0
0	0
0	0
0	0
37	0
424	0
1	2
0	2
35	0
0	0
0	0
1	0
0	0
0	0
0	0
0	0
0	0
0	0
75	0
0	0
0	0
12	0
9	0
1	0
21	0
2	0
6	1
2	1
29	0
12	0
0	0
0	0
363	0
71	0
10	0
19	0
0	0
127	0
121	0
0	0
2	0
0	0
0	0
0	0
0	858
0	858
0	169
1	0
1	858
126	0
0	63
0	63
0	0
0	0
0	0
0	0
0	0
0	0
0	0
1	0
0	0
0	0
0	0
0	0
0	0
0	0
0	0
0	0
0	0
0	0
0	0
2	0
0	4
20	4
0	0
0	0
0	0
0	0
0	0
17	0
17	0
0	0
1	0
0	0
12	0
0	0
0	0
7	0
0	3
0	3
0	0
0	0
3	0
0	0
2	0
4	3
0	3
0	0
38	0
28	0
2	0
65	0
150	0
0	6
0	6
28	0
0	0
12	0
0	0
0	0
0	0
0	0
569	0
0	0
101	0
4	0
1	0
0	0
0	0
4	0
10	0
0	0
0	0
0	12
0	12
0	12
0	12
0	10
0	10
0	10
0	10
0	64
0	64
0	0
0	0
9	0
0	0
0	0
466	0
13	0
40	0
17	13
4	13
28	0
11	0
2	5
0	12
0	12
0	5
0	5
1	5
0	0
0	0
0	0
0	0
0	0
0	0
49	0
28	3
0	3
0	3
0	3
0	3
4	7
0	7
0	7
0	7
0	0
0	0
0	0
0	0
0	0
0	0
0	0
0	0
0	0
0	0
0	1
0	1
1	0
0	0
0	0
53	0
0	1
0	1
0	0
0	0
0	0
0	0
0	0
0	0
0	0
0	0
0	0
0	0
0	0
0	0
6	0
39	0
0	10
0	10
0	0
542	0
26	0
27	0
0	1
0	1
6	0
2601	0
93	0
0	0
0	11
0	9
0	11
0	9
2	0
1	0
23	0
28	0
2	0
0	0
24	0
14	0
45	0
0	40
0	40
0	40
36	0
1521	0
10	0
0	0
0	0
0	0
0	0
2	22
36	22
0	0
1	0
33	0
1	0
14	6
35	7
0	7
0	6
0	12
1	12
7	12
0	12
44	4
5	4
1	0
217	0
67	0
0	0
0	0
0	0
0	0
0	0
0	0
0	55
0	55
10	0
0	0
16	0
0	5
0	5
0	2
0	2
0	0
38	0
0	4
0	4
0	4
0	5
0	5
0	5
0	5
0	5
0	5
0	5
0	0
0	0
9	0
0	0
0	0
0	0
1	0
0	0
0	0
0	0
10	0
0	0
0	0
0	1
0	1
11	0
0	0
0	0
2	15
0	15
0	41
0	41
0	41
0	41
0	41
29	0
0	0
1	0
0	0
0	0
0	0
0	0
0	0
0	0
0	0
1	4
0	4
0	4
0	4
0	4
0	4
0	4
0	4
0	4
0	0
0	0
0	0
0	2
1	2
0	2
0	2
1	0
0	0
0	0
0	0
0	0
0	0
0	0
0	0
0	0
0	0
0	0
0	0
0	0
0	1
0	1
0	1
0	1
0	0
0	0
0	0
0	5
0	5
0	5
0	5
0	5
0	0
0	0
0	0
0	0
0	0
0	0
1	0
0	0
0	0
0	0
0	0
0	0
0	0
0	0
0	0
0	0
0	0
0	0
0	0
0	0
3	0
0	0
255	0
2	0
0	0
2	0
1	0
21	0
11	6
0	6
0	6
1	6
25	0
0	13
0	13
0	13
2455	7
0	7
24	0
0	0
2	0
1	0
1	0
0	1
0	0
7	0
164	0
172	0
0	0
0	0
34	0
0	4
0	4
3	0
0	0
0	0
52	0
5	0
0	0
0	1
0	1
2	0
0	8
0	8
0	0
0	0
41	0
0	6
0	6
0	6
0	6
43	0
4168	0
0	0
0	0
91	0
5	6
0	6
0	0
6	0
0	9
0	9
4	9
3	0
0	0
12	0
2	0
0	3
0	3
0	3
0	0
0	0
0	0
36	6
0	6
0	6
27	0
81	0
0	2
0	2
0	2
0	2
0	2
0	2
0	2
0	2
0	2
0	2
0	2
5	0
0	9
0	9
0	1
20	0
0	1
0	1
0	1
1	0
1	0
67	0
108	0
0	117
0	117
10	0
2	0
0	0
0	0
1	37
1	37
0	1
0	1
0	1
0	1
0	1
0	1
0	1
0	1
0	1
0	1
0	1
0	0
0	0
0	0
0	0
0	0
0	0
0	0
0	0
0	0
0	0
0	0
0	0
0	0
0	0
0	0
2	7
0	7
0	7
0	7
16	0
0	0
0	0
0	0
197	0
45	0
25	0
14	0
1	0
0	0
0	0
3	0
0	0
0	0
0	0
0	0
0	0
0	0
15	0
1921	0
142	0
0	0
1	0
0	0
35	0
18	0
11	0
0	0
42	0
63	0
45	0
79	0
0	0
0	0
0	0
0	0
0	0
0	0
0	0
0	0
0	7
0	7
1	0
0	0
0	0
0	0
2	0
25	0
10	0
6	0
49	900
0	900
2	865
0	0
15	0
86	0
63	0
13	0
3	0
0	0
3	0
2	0
0	0
0	0
0	0
0	0
2	0
0	0
0	0
0	0
38	0
370	0
210	0
27	0
184	0
10	0
1	0
50	0
4	0
1	0
2	0
0	0
0	0
0	0
0	0
0	0
0	0
0	0
16	0
0	0
0	0
0	0
62	0
0	1
0	1
0	1
0	1
0	0
0	149
2	149
0	149
0	0
0	0
0	0
0	0
0	0
0	0
0	0
0	2
0	0
0	0
0	0
0	0
0	0
0	0
0	0
0	1
0	1
0	1
0	0
0	0
0	0
0	0
0	0
1	0
1	0
3	0
9	0
0	0
0	27
0	27
0	27
0	0
0	0
0	0
0	0
5	0
0	0
0	0
1	0
0	0
1	0
0	0
0	0
110	0
0	12
0	12
1	0
0	0
0	0
0	0
0	0
0	0
0	0
0	0
0	0
0	0
0	0
0	3
0	3
0	3
0	3
0	3
0	3
0	0
0	0
18	291
0	291
0	5
0	5
0	5
0	5
0	0
0	11
0	11
0	0
0	0
0	0
0	0
0	0
0	0
0	0
0	0
0	0
0	0
0	0
0	0
0	0
1	0
0	0
0	0
0	0
206	0
0	0
0	0
1	0
0	0
0	4
0	4
1	0
0	0
0	0
0	0
0	0
0	0
338	0
0	0
0	0
0	0
0	117
0	117
0	0
1	0
29	0
127	0
1	0
0	0
0	0
85	0
0	9
0	9
0	0
0	0
0	0
0	0
0	0
5	0
0	2
0	2
0	2
0	0
4	0
0	0
0	0
3	0
921	0
0	0
2	9
1	9
836	0
0	1
0	1
0	1
0	1
1	0
0	0
0	0
11	0
22	0
138	0
0	0
0	0
10	0
0	0
0	0
1	21
0	21
100	0
0	20
0	20
0	0
0	0
0	0
0	0
0	0
0	0
231	0
22	0
3	0
28	0
120	0
8280	0
0	0
0	0
0	0
24	0
15	0
106	0
44	0
144	0
11	0
39	0
1	0
0	0
0	0
0	0
0	0
15	18
1	18
31	0
10	0
38	0
12	0
56	0
17	0
1	2
0	2
0	0
0	0
0	0
0	0
0	0
0	0
4	0
7000	0
0	0
0	0
0	0
76	0
0	199
0	199
0	561
0	561
0	558
0	558
0	0
0	0
2	0
0	0
0	0
2	0
0	0
0	0
0	0
0	0
0	0
2	0
0	0
2	0
0	0
8	0
4975	0
14	0
2	0
0	0
13	0
185	0
0	46
1	46
111	0
60	0
48	0
261	0
8	308
0	308
0	0
0	0
8	840
0	840
11	0
7	0
23	0
0	0
137	0
2	13
0	18
1	18
8	0
0	109
0	109
0	83
0	83
43	0
5	0
31	0
89	0
39	0
0	94
0	109
0	91
0	100
3	0
193	0
0	0
5	34
0	34
3	0
8	181
0	181
15	0
112	0
0	0
73	0
271	0
45	0
0	19
1	19
0	7
0	7
164	0
0	3
0	3
86	0
88	0
15	0
2	96
0	96
44	0
2	0
0	0
0	0
0	0
23	0
33	0
24	0
7	0
0	0
8	0
0	0
56	0
0	0
11	0
0	0
84	0
464	0
304	228
0	228
673	0
0	264
0	264
0	263
0	264
0	264
0	263
288	0
38	0
0	0
0	0
1782	0
7878	0
137	0
0	7
0	7
78	0
16	0
19	0
247	0
13	0
20	0
34	0
39	0
0	0
22	0
81	0
7	0
0	0
0	0
0	0
0	0
1	0
0	44
0	44
0	0
0	0
0	48
0	48
0	14
9	0
1	0
0	0
0	0
4	0
76	0
5	0
0	0
0	0
4	0
0	16
0	16
0	16
0	0
0	0
0	0
0	0
0	0
0	0
0	0
0	0
0	0
0	0
0	0
0	0
0	0
1	0
0	0
0	0
0	0
0	0
0	0
0	0
0	0
2	0
0	0
6	0
0	0
0	0
0	0
0	0
5	0
0	0
0	0
24	0
1	0
65	0
31	0
107	0
0	0
2	0
8	0
12	0
1	0
2	0
0	106
0	106
0	0
7	2
0	2
0	0
0	0
0	0
0	0
0	0
2	0
1	0
51	0
0	0
0	0
1	0
619	0
0	0
0	0
1	0
43	0
0	0
1	0
0	0
0	0
0	0
0	0
0	0
1	0
81	64
207	64
115	0
0	0
0	0
10	0
234	0
64	72
0	72
0	72
0	72
0	72
0	72
20	0
21	0
0	20
0	8
0	20
0	8
0	80
0	80
1	0
3458	0
21	0
28	0
0	114
0	114
18	0
0	0
0	0
0	0
0	0
0	0
0	0
0	0
0	0
0	0
0	0
0	0
0	0
10	0
32	0
0	3
0	3
0	23
0	23
0	0
0	0
18	0
0	0
107	0
58	0
69	0
0	0
0	0
0	0
0	0
0	0
0	0
110	0
0	0
0	0
0	0
0	0
0	0
0	0
0	0
0	0
0	0
1466	0
4	0
0	0
0	0
0	0
0	52
0	52
0	54
0	54
7	122
0	122
0	0
0	0
0	0
0	0
7	0
49	0
0	0
0	0
0	0
0	0
0	0
0	0
0	0
6	0
0	0
0	74
0	74
0	72
0	0
0	0
0	0
0	0
9	0
0	0
0	0
0	0
0	0
0	0
0	0
0	0
0	0
0	0
0	0
1	0
0	0
0	0
0	0
0	0
0	0
0	0
0	0
0	0
1	20
0	20
0	1
0	1
0	0
0	0
0	1
0	1
0	1
0	1
0	1
0	4
0	4
3	0
0	4
0	4
0	4
0	4
0	4
0	4
0	4
0	4
0	0
0	0
0	0
0	0
0	0
0	0
0	0
6	0
0	0
0	0
2	0
0	0
0	13
0	13
0	0
0	0
0	0
0	0
0	0
0	0
0	0
0	71
0	71
0	0
2	27
0	27
4	0
56	0
4	0
7	22
4	9
0	0
5	22
5	9
117	0
20	0
0	0
0	0
1	0
0	0
3	0
98	0
1	0
2261	0
0	0
0	0
27	0
281	0
0	0
0	1
0	1
5	0
0	0
0	0
0	0
17	0
778	0
8	0
14	0
0	0
0	0
0	0
28	110
0	110
3	0
1	0
0	0
0	0
0	0
0	0
0	0
0	0
0	0
0	0
0	0
0	0
0	0
0	0
0	0
5	0
4	0
0	251
5	1
0	256
0	256
0	250
0	242
0	0
0	0
0	11
0	11
0	9
0	9
0	0
0	0
0	11
0	11
0	0
0	8
0	12
0	2
23	10
0	0
0	2
1	2
100	0
0	0
1	1
0	1
8	33
0	33
1	0
0	0
2	0
0	0
0	0
9	0
0	0
0	0
0	0
0	0
0	0
0	0
0	0
0	0
1	0
0	0
0	0
0	0
0	0
0	0
0	0
76	0
23	0
8	0
0	0
0	0
0	0
1	0
3	0
1	0
6	2
0	2
2	0
455	0
2	0
97	1
11	1
0	5
0	8
0	10
0	8
0	8
0	8
0	8
0	8
0	8
0	8
0	10
0	8
0	8
0	8
0	8
0	8
0	8
0	0
6	0
0	0
0	0
0	0
0	0
0	0
0	0
0	0
0	0
0	0
0	0
6	0
0	0
1	0
0	0
0	7
0	7
75	0
20	0
0	7
0	7
0	8
0	8
0	0
13	0
1	0
0	0
1	0
0	0
0	0
0	0
32	14
0	14
40	0
0	6
0	6
0	6
1	0
6	0
5	0
0	0
1	0
9	0
0	0
0	0
2	0
0	29
0	29
0	29
0	29
2	0
0	0
3	0
6	0
132	0
18	0
0	0
0	0
0	0
0	0
0	0
3	0
2	0
0	0
0	0
0	0
0	0
0	15
0	15
0	15
0	14
0	0
0	14
0	15
0	14
0	15
0	39
0	11
0	37
1	0
0	24
0	24
0	2
1	0
0	2
0	2
0	2
0	0
0	0
0	0
0	0
0	0
0	0
0	0
0	0
0	0
363	0
97	0
57	0
4	0
235	0
0	66
2	66
1	0
13	0
10	0
0	2
0	2
0	2
0	2
0	1
0	1
0	87
12	87
3	0
4688	0
0	0
0	0
8	0
14572	4
0	0
9	0
0	0
0	0
23	0
1	0
0	0
0	0
0	0
0	0
0	0
0	0
0	0
7	0
0	0
0	0
0	0
0	0
0	0
0	0
0	0
0	0
0	0
0	0
6	66
0	66
1	66
0	66
0	0
17	0
0	3
1	3
0	3
0	3
3	3
0	0
0	0
0	0
0	0
0	0
0	0
3	0
0	0
0	0
0	0
0	0
0	0
0	25
0	25
8	0
0	0
0	2
0	2
7	0
0	0
4	0
71	0
0	0
16	0
0	0
0	0
7	0
0	0
10	0
40	0
1	0
104	0
92	0
0	2
2	0
0	0
0	0
1	0
0	0
0	0
0	2
0	1
10	0
34	0
0	0
0	0
1	0
0	0
0	0
0	0
0	0
0	0
0	0
0	0
0	0
0	0
5	0
2	0
1	0
0	0
0	0
0	0
0	0
0	0
0	0
0	0
0	0
0	0
0	0
9	0
0	0
0	0
0	0
0	0
0	0
0	0
0	0
0	0
0	0
0	0
0	0
3	0
0	0
0	0
5	0
0	2
0	2
0	2
0	1
0	1
1	0
0	1
0	0
0	2
0	2
0	2
0	0
0	2
4	0
33	0
0	0
0	0
80	0
0	18
0	18
0	0
6	0
0	0
0	0
0	0
0	0
0	0
0	0
14	0
0	0
0	0
0	0
0	0
0	0
0	0
0	0
0	198
0	198
0	6
0	6
1780	0
10	0
0	0
0	0
0	0
0	0
0	0
5	0
8	0
0	0
0	0
0	0
0	0
0	0
0	0
0	0
0	0
0	0
0	0
0	0
0	0
0	0
0	0
0	0
0	0
0	0
0	1
0	1
0	0
0	0
0	0
0	0
0	0
6	0
20	0
29	0
25	0
1	0
0	0
0	0
0	0
3	0
41	0
3	0
1	0
0	0
110	0
109	0
60	13
0	13
0	0
0	0
0	0
0	0
0	0
0	0
0	8
0	8
0	8
0	8
0	0
0	0
0	0
0	11
0	11
4	0
0	0
31	0
13	0
0	1
0	1
0	0
0	5
0	5
0	0
15	8
0	8
114	0
0	0
0	0
0	0
0	0
0	0
0	0
0	0
0	0
0	0
0	0
0	0
0	0
0	0
0	0
0	0
0	0
0	0
0	0
0	0
0	0
0	0
0	0
0	0
1	0
0	0
0	0
1	0
0	0
0	0
0	0
0	1
0	1
0	1
56	0
16	0
0	0
0	0
2	0
6	0
11	0
0	0
0	0
0	0
0	0
0	0
0	0
0	0
0	0
0	0
0	0
0	0
0	0
0	0
3	0
1	0
2	0
0	0
0	0
0	0
0	0
0	0
0	0
0	0
0	0
0	0
1	0
0	0
3	0
23	31
0	31
0	0
0	0
0	0
0	0
0	0
0	2
0	2
0	2
0	2
0	1
0	2
0	2
0	2
0	2
0	1
0	0
0	0
0	0
178	0
0	0
17	0
1	0
4	0
1	0
2	0
0	0
0	0
0	0
0	0
3	0
0	3
0	3
1	0
0	0
44	0
40	0
2	0
3	0
5	52
0	52
62	0
44	0
0	0
8	0
0	0
0	0
4	0
0	144
0	144
0	31
2	0
40	0
0	0
0	0
2	0
0	50
0	50
2	0
0	0
0	0
0	0
0	0
0	0
0	0
0	0
0	2
0	2
0	2
3	0
0	0
1	0
0	0
2	34
3	0
0	0
0	34
0	34
0	34
0	0
0	0
12	0
48	0
0	0
0	0
1	0
0	18
0	18
0	0
0	0
9	0
0	1
0	1
0	0
6	0
34	0
436	0
35	0
340	0
0	0
16	0
0	10
0	10
0	10
0	10
39	10
0	0
0	0
0	24
0	24
0	25
0	24
0	24
0	24
0	24
0	23
0	23
0	23
0	24
0	24
0	23
0	23
0	15
0	15
0	15
0	15
0	15
0	15
10	0
1	0
1	0
0	0
1	0
0	0
0	0
0	0
14	0
24	0
0	18
0	18
1	0
0	0
0	0
0	0
0	1
0	1
0	1
0	0
0	0
0	0
0	0
7	0
1	0
1	0
0	21
0	21
0	21
0	21
0	21
0	21
0	0
0	1
0	1
0	0
468	0
64	0
0	0
0	0
0	0
1	0
0	0
0	0
0	0
0	0
0	0
0	0
0	0
0	0
0	0
0	0
0	0
0	3
0	3
0	0
0	0
0	0
0	0
0	0
0	1
0	10
0	9
0	101
0	103
0	98
0	103
0	103
0	6
0	103
0	100
0	103
0	103
0	6
0	3
0	3
0	3
7	2
86	0
3	0
0	0
1	0
0	0
0	0
0	0
14	12
0	12
3	0
0	0
0	0
4	49
0	49
0	48
56	0
212	0
61	0
28	0
2	0
122	0
0	0
2	0
0	0
0	37
0	37
0	37
2	0
57	0
0	0
0	0
0	0
0	0
0	0
0	0
0	0
0	0
0	0
0	0
0	0
0	0
0	2
0	2
0	2
0	2
0	2
0	2
0	2
0	2
0	2
0	2
0	2
0	2
0	0
0	0
0	0
0	0
0	0
0	4
0	4
0	3
0	1
0	0
0	0
0	0
0	0
0	0
0	0
0	0
0	0
0	0
0	0
0	0
0	0
0	0
0	0
0	0
0	0
0	0
133	0
0	0
0	0
0	0
4	0
0	0
0	0
0	0
0	0
0	0
0	0
0	0
22	0
0	0
0	0
0	0
0	0
0	0
0	0
0	0
0	0
0	0
0	0
7	2
0	1
0	2
0	1
0	1
0	0
0	0
0	0
2248	0
389	0
151	0
0	0
0	9
0	9
0	0
0	0
3	0
0	0
0	17
0	17
0	1
0	1
5	4
0	10
0	10
0	0
0	0
0	0
64	0
30	0
0	0
0	0
0	0
0	0
0	0
0	0
0	0
0	0
0	0
0	0
0	0
68	0
95	0
16	0
28	0
0	0
0	81
0	81
1	0
32	0
18	0
6	0
5	0
0	0
0	0
0	0
0	0
0	0
0	0
0	3
0	3
0	3
0	2
0	0
4	0
14	0
0	0
0	0
0	0
1	0
9	0
108	3
29	3
1	145
44	145
1	145
0	0
0	0
0	0
0	48
0	48
100	0
0	0
0	0
0	47
0	47
0	0
38	0
47	0
7	0
1	0
1	0
0	0
0	0
32	0
6	0
0	0
0	0
138	0
0	2
0	2
0	0
0	0
1	0
0	0
0	10
0	10
2426	0
0	0
1	0
0	0
82	0
31	0
23	0
9	0
7	0
134	0
446	0
60	0
110	0
0	0
1	0
14	0
0	0
30	0
0	0
0	0
0	0
0	0
0	0
0	0
0	0
1	0
0	23
0	23
0	0
0	1
0	1
4	0
29	0
3	0
23	0
72	0
0	124
0	124
1	124
0	0
0	0
20	0
0	0
4	0
41	0
1	0
0	0
0	0
0	0
0	0
0	0
0	0
0	0
1	0
0	0
0	0
0	0
0	0
0	3
0	3
0	3
0	1
0	1
0	0
0	0
0	1
0	1
0	1
0	1
0	1
0	0
0	0
0	0
0	0
1	0
0	0
38	0
0	0
0	2
0	2
0	2
1	0
0	119
0	119
105	0
0	0
0	0
0	0
0	0
0	0
140	0
233	0
27	0
8	0
24	0
0	0
0	0
26	0
0	2
0	2
0	0
0	0
0	0
0	0
0	0
65	0
1	0
16	0
14	0
0	0
0	0
0	0
16	0
1	0
0	0
0	0
0	0
0	0
0	0
0	0
0	0
1	0
43	0
2	0
0	15
0	15
0	0
0	0
0	0
8	0
0	0
0	1
0	1
0	1
0	1
0	1
0	1
0	1
0	0
0	38
0	38
0	38
0	38
0	38
0	0
36	0
31	0
106	0
0	45
0	45
0	45
0	0
0	5
0	5
0	5
36	0
3	9
10	9
8	9
0	2
0	0
0	2
0	2
0	2
0	2
0	2
0	0
0	2
0	0
0	0
0	0
0	0
199	0
0	0
0	0
0	0
0	0
0	0
0	0
0	0
1	0
0	0
0	0
0	0
0	0
0	0
8	0
0	8
0	8
0	6
38	0
2	1
0	1
0	0
11	0
6	0
2	16
0	14
201	2
0	0
24	0
18	0
11	0
81	0
0	0
0	0
0	0
1	0
0	0
0	0
0	13
0	13
0	13
0	13
0	13
0	13
0	13
0	13
0	0
70	0
0	0
0	0
0	0
0	0
0	0
0	0
0	0
0	0
0	0
4	0
117	0
0	0
0	0
26	1
0	1
0	1
0	55
0	0
0	55
19	0
2	0
0	0
0	0
0	0
0	0
0	0
0	0
0	0
0	0
0	0
2	0
1	0
7	0
2	0
12	0
12	0
10	24
0	24
0	5
0	5
12	0
27	0
1	0
0	2
0	2
0	0
0	0
2	0
23	0
61	0
39	0
17	0
0	5
0	2
0	5
0	41
0	41
62	0
0	6
0	6
0	6
0	6
0	0
0	0
0	0
0	0
0	0
0	0
2	10
0	10
0	10
7	32
0	32
5	0
3	0
0	0
0	0
0	0
0	0
0	0
0	0
0	53
0	53
6	0
0	0
0	5
0	5
0	5
0	4
0	4
0	3
0	3
10	3
0	3
0	3
2	0
19	0
40	0
30	0
0	0
13	0
0	0
3	0
4	0
0	0
0	0
0	0
0	0
0	0
0	0
2	0
0	0
107	0
0	0
3	0
0	0
0	7
0	9
0	9
0	9
0	9
0	9
0	4
0	4
0	4
0	2
0	2
0	35
0	36
0	37
0	36
0	37
0	37
136	0
0	210
0	210
13	0
31	0
2	18
1	18
6	0
9	0
390	0
62	0
8	0
5	0
0	0
17	0
224	0
0	0
0	0
0	0
0	0
0	0
0	0
6	0
590	0
0	0
1	0
0	0
98	0
0	4
0	4
0	4
0	4
0	4
0	4
2	16
0	16
0	0
0	0
0	0
0	0
2	756
0	756
0	0
0	751
0	0
6	0
0	0
0	0
0	0
0	16
0	16
0	1990
30700	0
0	411
1	19
33	1806
45	2444
0	2033
0	1991
0	2066
0	365
1	19
0	1494
2	285
0	2444
1	1524
3	0
0	0
0	0
0	30
0	30
0	30
8	8
641	0
0	0
0	0
73	0
0	20
0	20
0	20
0	20
1286	0
0	0
0	0
0	0
0	0
0	0
0	0
5	94
9	94
212	0
7	0
0	0
0	0
0	0
0	0
0	0
0	0
0	0
0	0
0	0
0	0
0	0
0	0
0	0
0	0
0	0
0	0
0	0
0	0
0	0
0	0
0	0
0	0
0	0
0	0
0	0
0	0
1	9
0	9
16	0
0	9
0	9
0	6
0	6
0	5
0	5
0	0
0	5
0	5
0	1
0	2
0	5
0	5
0	0
0	0
0	0
0	0
0	0
5	66
0	66
7670	0
86	0
0	151
0	151
0	150
10689	0
31	0
27	0
96	0
8	0
26	25
0	25
0	115
0	126
0	124
0	119
0	108
8	78
0	78
19	0
0	0
3	90
1	85
0	90
0	12
0	13
0	12
0	1
0	1
0	0
0	0
0	0
261	0
5	0
5	0
0	85
2	69
0	19
0	16
0	79
0	79
0	74
714	0
10	22
0	22
13	0
122	3
0	3
0	5
0	5
0	5
0	1
0	4
1	4
31	4
1	0
0	4
0	4
0	21
0	21
0	25
0	25
0	0
0	0
0	0
0	0
502	0
71	0
1	43
0	43
0	43
0	43
512	0
81	0
152	0
2604	0
112	0
227	0
83	0
2	20
0	20
0	19
1	5
1	680
0	684
0	684
110	0
36	55
0	55
18	0
622	0
2	0
0	0
0	0
2	0
312	0
185	0
0	107
0	107
0	350
0	350
0	149
0	149
0	149
0	135
162	0
110	0
150	0
6	0
0	1
0	1
94	0
0	2
0	0
0	0
0	4
0	4
20	0
0	0
0	0
0	0
0	224
0	214
0	206
0	196
13	1
3	1
22	0
26	0
67	0
0	0
20	0
0	0
0	142
0	142
0	41
0	41
0	1
0	1
0	1
128	0
337	0
51	0
16	0
4	0
0	0
0	0
0	0
0	0
0	0
0	0
0	0
0	0
7	0
0	0
13	0
21	21
0	21
0	4
0	4
0	2
0	2
10	0
24	0
2	0
3	0
0	0
3	0
0	0
2	0
0	0
0	0
0	0
0	0
286	0
19	0
0	0
0	338
0	338
6	333
0	0
1	4
0	4
0	4
0	0
0	0
0	0
2	0
0	0
0	0
0	0
0	0
0	0
0	0
0	0
0	0
0	0
0	0
0	0
0	0
352	0
1	125
0	125
0	125
0	13
0	0
0	13
0	13
0	0
12	0
12	0
52	0
1	0
35	0
83	0
49	0
15	0
182	0
0	7
0	7
0	7
69	0
0	8
0	8
0	0
0	0
0	0
1	5
3	5
131	0
1	0
0	0
0	0
56	0
3	0
0	2
0	2
11	0
7	0
0	0
0	0
0	0
0	1
0	2
0	1
0	0
0	0
0	2
0	2
0	11
0	11
8	0
8	0
2	59
12	61
0	61
174	0
5	0
0	0
0	0
0	0
0	0
0	0
26	0
7	0
42	0
0	1
0	1
0	1
0	1
0	0
0	0
0	0
0	43
0	43
0	43
0	0
0	1
0	1
0	1
0	1
0	1
0	1
0	14
0	14
0	0
0	0
0	0
1	0
0	1
0	1
0	0
67	0
0	0
0	1
0	1
0	1
0	0
0	0
0	1
0	1
0	0
0	0
0	1
0	1
0	1
0	0
0	0
0	0
0	0
7	0
3	0
0	0
0	0
0	0
0	9
0	9
0	9
0	0
0	0
0	0
0	0
11	0
5	0
4	0
0	0
1	0
0	0
0	0
0	0
0	0
11	0
0	0
3	0
0	0
0	0
1	0
0	0
0	0
0	0
0	0
0	0
0	0
0	0
0	0
0	0
0	0
11	0
0	0
0	0
0	0
15	0
0	0
6	0
0	0
0	0
0	0
0	0
0	0
0	0
0	0
2	0
0	0
0	0
0	0
0	152
0	152
0	1
0	1
0	0
0	0
0	0
0	0
0	0
0	1
0	0
0	0
0	0
0	0
0	0
0	0
0	0
0	0
0	0
0	0
0	0
0	0
0	0
0	1
0	0
0	0
0	0
0	0
0	0
0	0
0	0
0	1
0	0
0	0
0	0
0	0
0	0
0	0
0	0
0	0
0	0
0	0
0	0
0	0
0	0
0	0
0	0
0	0
0	0
0	0
0	0
0	0
0	0
0	0
0	0
0	0
0	0
0	0
0	0
0	0
0	0
0	0
0	0
0	0
0	0
0	1
0	0
0	0
0	0
0	0
0	0
0	0
0	0
0	0
0	0
0	1
0	0
0	0
0	0
0	0
4	0
5	0
0	0
0	0
0	0
144	0
0	6
0	6
0	0
0	0
0	0
0	0
0	0
0	0
0	0
0	0
134	0
2	0
0	0
0	0
1	0
0	0
1	0
35	0
1	0
54	0
35	0
0	8
0	8
0	8
0	12
0	12
0	12
0	12
1	7
0	12
6	0
0	0
5	4
0	4
72	0
0	13
0	13
0	5
126	0
3	0
3	0
9	0
28	0
37	0
0	1
0	1
5	11
0	11
0	0
37	0
0	0
58	0
36	0
15	0
0	2
0	2
19	0
0	11
0	11
2	8
3	0
0	1
0	1
0	1
0	0
0	0
0	0
0	0
0	0
0	0
0	0
0	0
0	0
2	0
226	0
31	0
0	0
0	0
0	0
0	0
1	0
1	0
13	0
0	0
174	0
28	0
27	0
0	0
0	0
0	0
0	0
0	0
0	0
1	0
6	0
1	0
0	16
0	16
5	0
2	0
2	0
1	0
0	0
0	0
0	0
0	0
0	0
0	731
0	646
0	92
0	7
0	7
0	0
14	0
14	0
0	0
0	0
95	0
18	0
43	0
0	0
0	0
0	0
160	0
0	28
0	28
193	0
0	0
0	317
0	317
349	0
0	322
0	16
0	16
0	0
0	0
0	0
0	0
0	0
0	0
0	0
0	0
0	0
0	1
0	1
103	0
6	0
0	0
0	0
0	0
0	0
0	5
0	5
0	28
0	28
18	0
91	0
0	0
0	0
4	2
0	0
0	0
0	0
0	0
0	2
0	3
0	3
127	0
3	0
2	0
0	0
0	0
0	10
0	10
0	4
12	0
0	14
0	14
0	14
131	0
0	0
0	0
0	0
0	0
6	0
0	0
0	0
0	0
0	0
0	0
0	0
0	0
0	0
0	0
4	0
8	13
0	13
0	13
0	13
0	13
0	13
0	13
0	13
39	0
3	0
5	0
0	0
0	0
0	0
1	0
18	0
2	0
58	0
80	0
0	5
0	5
0	5
112	0
0	24
0	24
0	0
0	24
0	24
3	0
33	0
0	0
0	52
0	52
0	52
0	52
0	49
0	52
0	52
0	52
0	52
3	0
0	0
0	0
7	0
59	0
599	0
1	0
0	117
0	117
3	0
0	0
0	0
0	0
0	0
0	0
188	0
0	0
0	0
0	0
0	0
0	0
0	0
0	0
0	0
0	0
2	0
0	0
0	0
0	0
0	0
0	0
0	0
0	0
0	0
0	0
0	0
0	0
0	0
0	0
0	0
0	0
0	1
0	1
0	0
13	0
0	0
0	0
0	0
0	0
0	0
0	0
8	0
0	0
1	0
0	0
0	0
1	0
0	129
0	129
0	129
0	0
0	0
0	0
0	0
0	0
0	0
0	0
0	0
0	0
0	0
5	0
0	0
0	0
0	0
0	0
0	0
29	0
0	3
0	3
0	0
0	11
0	11
0	2
0	10
0	10
0	1
157	0
3	0
54	0
454	0
0	0
0	6
0	6
0	6
0	6
2	0
0	0
0	0
4	0
1	0
0	0
0	0
0	0
0	0
0	0
0	0
2	0
0	0
0	0
5	0
0	0
0	0
0	0
0	119
0	119
2	0
0	5
0	5
0	5
0	5
0	5
0	5
0	0
0	3
0	3
0	3
0	0
0	1
0	1
0	1
0	0
0	7
0	7
0	7
0	7
0	7
0	7
0	7
0	7
0	7
0	7
0	1
0	1
29	0
0	6
0	6
1	6
0	6
0	27
0	27
230	0
28	0
0	0
94	0
145	0
0	0
113	0
0	0
0	0
0	0
0	0
1	0
10	0
11	0
192	0
5	16
0	16
0	0
0	0
51	0
0	0
1	0
1	0
0	1
19	1
346	0
0	5
1	5
0	5
0	0
0	0
0	0
0	0
0	0
0	0
0	0
0	0
0	0
0	0
1	0
0	0
0	0
0	0
0	0
2	0
0	0
0	0
0	0
0	0
0	1
0	2
0	2
0	2
1	2
1	0
0	2
0	2
0	2
0	2
148	0
0	11
0	11
0	11
0	11
0	11
0	0
62	0
10	0
11	3
0	3
7	0
44	0
189	0
0	30
0	30
0	7
0	0
0	2
0	2
0	14
0	3
0	2
0	2
0	14
0	3
0	7
0	2
0	14
0	3
42	0
0	10
0	10
0	10
0	10
0	1
0	1
0	1
0	1
0	24
0	24
0	0
19	0
117	0
34	0
0	0
2	0
0	0
0	0
1	0
0	0
5	0
2	0
0	36
0	36
0	1
1	1
1	1
0	1
0	1
0	2
0	5
0	4
0	0
0	0
0	0
3	0
0	0
0	0
0	0
0	0
0	0
0	0
2	0
0	4
1	4
0	0
0	0
0	0
0	0
0	0
0	0
0	0
0	0
0	0
0	0
0	0
0	0
0	0
0	0
0	0
0	0
68	0
7	0
0	0
32	0
0	43
0	43
0	43
2	0
0	0
0	0
0	0
1	0
0	12
0	12
1	0
319	0
6	0
72	0
0	3
0	3
12	3
0	6
0	6
0	0
0	0
0	30
0	30
162	30
0	20
0	20
0	20
0	1
0	1
0	1
0	1
0	0
0	0
0	0
0	0
0	0
0	3
0	3
0	1
0	1
0	1
0	1
0	1
0	1
0	1
0	1
0	1
0	0
0	1
0	1
13	0
0	0
0	0
0	18
0	18
0	16
0	14
0	18
0	7
0	7
0	7
35	0
157	0
20	3
1	3
3279	0
136	0
25	0
23	0
1	0
0	0
1	0
6	0
36	0
11	0
1	0
0	5
0	5
0	5
129	18
0	18
0	0
1	0
0	0
8	0
0	0
0	0
0	0
0	0
0	0
0	0
8	0
0	29
0	29
0	0
0	0
0	0
21	0
0	0
0	0
0	0
0	0
7	0
2	0
22	0
109	0
5	0
4	0
305	0
51	0
0	1
0	1
19	0
0	38
0	35
0	38
13	0
1	0
8	0
0	2
0	2
3	11
0	11
0	8
0	0
19	0
0	24
0	24
0	25
0	25
0	0
0	0
42	0
1	1
0	1
0	1
0	1
0	1
0	1
0	1
0	1
0	1
0	1
0	1
9	0
0	0
0	0
11	0
0	0
45	0
0	119
0	119
0	0
0	4
0	4
0	4
0	4
16	1
0	1
0	1
4	260
0	260
0	1
0	1
0	1
0	1
0	1
0	1
0	0
105	0
0	12
0	12
3	0
202	0
0	0
10	0
88	0
0	1
0	1
2	0
305	0
63	0
0	0
34	0
0	0
0	0
0	0
0	0
0	0
12	0
0	0
175	0
8	514
3	514
0	467
0	2
0	2
0	2
0	2
0	2
6	0
0	35
0	35
0	0
0	12
0	12
0	0
0	0
0	0
0	0
2	0
0	0
0	0
0	0
0	0
0	0
0	0
0	0
0	0
0	0
3	0
0	0
0	0
0	0
0	0
0	0
0	0
6	0
0	0
0	0
0	0
0	0
0	0
0	0
0	0
0	5
0	5
0	2
0	2
0	0
0	0
0	0
0	0
0	0
0	0
0	0
0	0
0	0
1	7
0	35
0	35
0	35
0	35
0	35
0	35
0	35
0	35
0	35
0	28
0	7
0	7
0	7
0	7
0	7
0	7
0	7
0	7
0	7
0	5
0	5
0	5
0	0
0	0
4	0
166	0
0	0
0	0
0	0
0	7
0	7
0	3
0	3
0	3
0	3
0	3
0	3
0	3
0	0
0	0
0	0
0	0
0	0
0	0
0	0
0	0
0	0
0	0
0	0
0	0
0	0
0	0
0	0
0	0
0	0
3	0
6	0
0	4
0	4
0	4
0	0
8	0
0	0
0	19
0	16
0	15
0	16
0	8
0	6
18	0
6	4
0	4
0	0
0	0
0	0
57	0
11	0
0	1
0	1
45	0
4	0
0	48
0	0
0	48
6	48
0	48
0	48
0	48
1	53
45	53
8	48
12	48
0	48
0	48
13	48
2	48
104	48
0	48
0	48
7	48
6	48
3	48
0	107
0	51
0	51
0	51
0	51
0	59
0	3
0	3
0	3
0	3
0	2
0	3
3	0
79	0
0	0
0	0
0	0
0	0
0	0
0	0
0	0
0	0
23	0
1	178
3	178
38	0
0	0
0	0
329	0
47	0
429	0
6	0
2	0
1	0
2	0
419	0
153	0
4	256
21	0
62	0
0	0
0	0
171	0
0	16
0	16
0	16
0	16
0	16
5	0
32	0
39	0
0	16
0	16
3	0
0	55
0	55
0	55
0	0
0	0
2	0
9	0
170	0
200	0
0	0
0	0
0	0
0	0
0	0
0	0
0	0
0	41
0	41
0	0
0	0
0	0
0	0
140	0
0	0
0	6
0	6
0	6
0	0
0	0
0	0
0	4
0	4
0	4
0	1
0	1
0	1
0	1
0	1
0	1
10	0
1	0
1	0
0	0
0	0
0	0
0	0
0	0
27	0
0	0
0	0
1	0
4	0
0	0
0	0
0	0
0	0
0	0
0	0
0	0
0	0
0	0
20	3
0	0
46	0
0	0
3	26
0	26
79	0
0	0
0	0
16	0
0	0
0	0
4	54
4	54
0	54
0	54
0	0
0	14
0	14
0	14
26	0
2	0
0	0
0	0
0	0
0	4
0	4
0	0
0	0
0	0
0	0
0	0
0	0
0	0
0	0
1	0
112	10
53	0
60	80
4	11
5	88
0	0
0	0
28	0
13	0
90	0
2	0
0	2
0	2
59	0
0	0
0	0
0	0
22	4
0	4
0	4
0	0
36	0
1	0
1	0
2	0
0	2
0	2
0	2
0	0
0	0
0	0
0	0
15	4
0	4
0	4
1	4
0	0
0	0
0	36
0	36
0	36
0	36
0	0
0	0
2	58
1	53
0	64
0	67
0	14
104	0
2	24
0	24
0	3
0	3
0	0
0	0
1	0
0	0
48	0
40	0
0	0
9	0
0	0
0	0
0	0
14	0
115	0
12	0
0	0
32	4
0	0
0	1
0	0
0	0
0	1
0	0
3	0
18	0
6	0
0	0
0	0
302	0
0	0
0	0
0	0
0	0
0	0
685	0
9	0
293	0
40	0
0	10
0	8
0	4
0	2
0	0
0	0
0	0
0	0
41	0
367	0
0	4
0	4
0	0
0	0
3	0
0	0
17	0
0	0
12	0
5	0
0	0
0	0
0	0
0	3
0	3
0	3
0	3
5	0
9	1
0	1
3	0
371	0
34	0
6	6
0	6
0	0
0	0
0	0
0	0
0	0
0	0
8	0
1	0
0	0
0	0
1	0
46	0
0	0
34	0
0	0
0	0
0	0
0	237
0	237
0	237
17	0
0	43
0	43
14	0
157	0
3	0
1	0
8	0
189	0
0	0
0	0
0	0
16	0
66	6088
0	6088
0	0
1	0
0	0
0	0
0	0
0	0
0	0
0	0
0	0
0	0
0	0
0	0
234	0
0	0
0	0
0	0
0	0
0	0
0	0
0	0
0	0
0	0
0	0
0	0
0	0
0	0
3	0
29	11
0	11
17	0
0	6
0	7
0	7
39	0
0	0
0	6
0	6
0	0
5	0
0	0
0	0
0	0
1	0
0	0
0	0
0	0
0	0
1	0
0	0
1	0
0	0
0	0
0	0
0	0
0	0
0	0
0	0
0	0
0	0
0	0
0	0
0	0
0	0
0	0
0	0
0	0
0	0
0	0
0	0
0	0
20	0
43	0
1	0
146	0
0	0
0	0
30	0
0	4
0	4
0	0
0	0
0	4
0	4
0	4
0	4
0	4
1	0
20	0
763	0
0	0
0	0
0	0
0	0
0	2
0	2
0	2
0	2
0	0
0	0
0	0
0	0
0	0
5	0
18	0
6	0
0	0
0	2
0	2
0	0
0	0
0	0
0	0
0	0
221	0
9	0
25	0
0	48
0	47
0	47
54	41
1	41
0	41
7	41
0	16
0	16
0	16
10	0
0	1
0	1
0	0
0	0
0	0
0	0
0	10
0	10
0	0
77	0
142	0
147	0
160	0
0	0
29	0
0	6
0	6
1	0
0	0
0	0
0	0
0	0
0	0
0	0
0	0
0	0
0	0
0	0
0	0
0	0
0	0
0	0
0	0
0	0
0	23
0	23
1	0
0	0
0	0
0	0
0	0
0	3
0	3
0	3
14	0
0	4
0	4
0	4
146	0
701	0
4	0
572	0
14	0
0	0
0	0
0	0
0	0
0	0
0	0
0	0
0	0
0	0
0	1
0	1
0	1
0	1
2	1
0	1
0	1
0	1
0	1
0	1
0	1
0	1
177	0
0	0
0	1
0	1
0	1
0	1
0	1
0	1
50	0
0	0
7	573
0	573
7	0
0	3
0	3
5	0
2	0
0	0
10	0
0	1
0	1
0	0
0	0
0	6
0	6
41	0
22	0
0	0
0	6
0	6
1	0
0	0
0	0
0	0
0	0
0	0
0	0
5	26
0	26
0	7
0	7
0	6
0	6
11	151
0	151
0	151
8	84
295	84
0	0
0	0
3	0
33	0
46	0
0	0
0	1
0	1
0	0
0	0
2	21
1	21
0	13
0	13
19	0
0	0
65	0
0	0
0	0
0	0
0	0
0	0
9	0
0	0
0	0
20	0
37	0
1	0
2	17
0	17
0	14
13	0
68	0
12	0
0	0
32	0
0	0
0	10
11	10
0	0
0	0
0	0
9	0
0	0
0	0
0	0
0	4
0	0
0	4
0	0
0	0
0	0
1	0
0	0
0	0
0	0
0	0
0	0
0	0
21	0
0	22
0	22
0	4
0	4
0	3
0	5
0	0
0	0
0	0
0	1
0	0
0	0
0	1
1	0
0	0
0	0
0	0
0	34
0	34
0	34
0	34
0	34
0	34
0	15
0	15
0	15
0	15
0	0
1	14
0	14
0	14
5	0
0	0
8	0
5	0
0	2
0	2
0	2
0	2
33	0
6	0
0	18
139	0
0	18
0	0
0	0
0	0
0	0
0	0
0	4
0	4
0	4
0	4
0	4
0	6
0	6
0	6
0	6
0	6
6	0
0	0
0	0
1	0
0	0
10	9
0	9
0	9
0	0
54	0
0	0
0	0
0	0
0	0
0	0
17	0
0	0
0	0
0	0
0	0
0	0
0	0
0	0
0	0
0	0
0	0
5	0
0	0
6	0
0	0
0	0
0	0
63	0
0	0
0	0
0	0
243	0
0	0
1	0
74	0
113	0
1	0
0	13
0	13
0	13
0	13
0	13
0	14
0	14
0	14
0	13
0	13
0	13
0	13
0	14
0	13
0	13
0	14
0	14
0	14
21	13
0	14
0	13
0	0
0	32
0	32
50	0
185	0
0	176
0	176
0	482
0	482
10	0
0	480
0	480
197	0
98	0
0	0
19	0
3	0
24	0
0	4
0	3
0	4
1	3
0	3
1	2
1	0
36	0
0	51
0	51
0	51
0	51
0	0
0	0
0	0
0	22
0	22
0	22
0	22
0	22
0	22
0	22
0	21
70	0
26	0
42	0
8	0
1	0
54	0
3	0
0	0
0	1
0	1
0	108
0	108
0	108
289	0
0	37
0	37
0	71
0	71
0	35
0	35
0	35
0	35
0	35
0	33
29	0
0	0
0	0
8871	0
0	0
0	115
0	115
0	112
0	112
0	89
98	0
0	0
113	0
3	0
52	0
11	0
4	0
1	0
27	0
1	0
0	0
0	0
0	0
0	0
0	0
0	0
0	0
0	0
16	0
6	1
0	1
0	1
5	0
1	0
77	0
18	0
26	0
0	0
0	0
0	0
0	0
0	0
0	0
0	0
0	0
0	0
0	0
0	0
0	0
0	0
0	0
38	0
3	0
0	0
0	0
0	0
0	0
0	0
0	23
0	23
0	15
0	15
0	15
0	15
0	0
44	0
0	1
0	1
0	0
0	0
0	2
0	2
0	0
0	0
0	0
288	0
6	0
0	1
0	1
0	1
0	0
8	0
0	0
2	0
1	85
179	85
91	0
38	0
1	0
0	0
0	0
1	43
0	43
0	0
0	0
0	0
0	0
0	0
0	0
0	0
1	0
0	0
0	0
0	0
0	0
3	0
0	0
1	0
0	14
0	14
8	0
0	0
0	0
156	0
74	0
0	0
0	0
1	0
0	0
0	0
2	9
9	9
0	0
0	0
0	0
0	0
0	0
0	0
0	0
0	0
0	0
1	0
5	5
0	5
228	0
2	0
72	0
1	0
39	0
61	0
0	69
0	69
0	69
0	69
0	3
2	1
16	0
0	0
1	0
34	11
0	11
0	0
4	0
0	0
5	0
0	0
0	7
0	7
0	7
0	7
1	7
0	7
0	7
0	0
0	7
0	0
1	0
3	0
0	0
96	102
17	102
0	1
0	1
0	0
0	0
0	0
0	0
0	0
0	0
0	0
0	1
0	1
0	1
4	0
0	0
18	4
0	4
0	0
0	0
0	0
1	0
0	0
0	0
0	83
0	83
0	83
0	83
0	83
1	79
0	79
97	0
20	0
3	0
0	0
0	0
0	0
0	0
0	0
1	0
0	0
0	0
0	62
0	62
0	0
2	6
0	0
65	0
102	0
0	16
2	54
0	53
0	11
0	11
11	0
0	0
0	0
0	2
0	2
2	0
0	12
0	12
0	12
0	12
0	12
0	13
0	8
0	12
0	13
0	12
0	2
0	0
0	0
4	0
0	135
0	135
0	2
8	0
10	0
0	0
0	0
0	0
0	0
8	0
14	0
1	447
0	447
0	421
0	413
0	0
0	1
0	5
0	1
0	1
0	1
0	1
0	1
0	1
0	5
0	5
0	5
0	5
0	5
0	5
0	5
0	0
0	1
0	5
0	0
0	5
0	16
0	16
0	0
0	0
0	0
0	0
0	0
0	2
0	2
0	54
0	54
0	54
0	54
0	22
0	0
31	0
36	0
34	0
50	0
0	0
0	0
0	0
0	0
0	0
0	0
0	0
0	0
0	0
0	0
0	0
0	0
0	0
0	0
5	0
0	91
0	91
0	0
0	0
0	0
40	0
1	0
0	0
0	0
0	0
0	0
0	0
0	0
20	0
46	0
0	0
28	0
0	0
0	0
0	0
0	0
0	0
0	0
0	0
0	0
0	0
0	0
0	0
1	0
0	0
0	0
0	2
0	2
0	2
0	2
0	2
0	2
0	2
0	2
0	2
0	2
0	2
0	2
0	2
1	2
0	2
0	0
0	0
0	2
0	2
0	2
0	2
0	0
0	0
0	0
2	0
1	0
9	0
9	0
0	0
0	0
0	0
0	0
0	0
0	79
0	79
6	0
16	0
0	4
0	4
0	3
0	3
0	3
0	2
0	2
1	0
1	0
0	0
0	124
0	124
0	0
0	0
0	0
0	124
0	124
0	0
0	0
72	0
1	2
4	0
16	0
94	0
0	3
0	3
0	3
20	0
136	0
31	0
0	0
478	0
93	0
41	0
0	2
1	2
0	2
1	2
0	0
0	0
9	0
0	9
0	9
0	18
0	18
374	0
192	0
403	0
30	0
0	66
0	72
0	62
0	66
0	72
0	65
0	71
0	67
0	0
1	0
0	0
0	0
0	0
0	0
0	0
0	0
0	5
0	5
42	0
11	0
0	0
6	0
0	0
0	0
33	0
2	0
31	0
148	0
13	107
0	107
34	0
6	36
2	36
77	0
503	0
3	0
0	1
0	1
0	1
0	0
15	0
0	0
0	0
0	0
0	0
4	0
0	0
0	0
0	0
78	0
0	57
3	57
94	0
0	0
0	0
0	0
0	0
0	0
0	0
0	0
1	0
0	0
6	0
0	0
170	0
30	0
9	4
0	4
0	1
0	1
7	0
1	0
4	0
0	280
0	280
0	280
2	0
8	0
208	0
82	0
0	0
0	0
0	0
0	0
0	0
0	0
0	0
3	1
0	1
0	1
0	0
0	0
0	0
4	0
0	0
0	0
0	0
0	0
0	0
0	0
0	0
0	0
0	0
0	0
0	4
1	4
0	0
0	0
0	0
0	0
1	0
0	0
0	5
0	5
0	0
20	9439
0	9439
0	0
0	0
0	0
0	0
0	0
7084	0
5	0
5	0
2	0
0	0
0	0
1	0
0	0
0	0
0	0
0	0
0	0
0	0
0	0
0	3
0	3
0	3
0	0
0	0
0	0
0	0
0	18
0	18
0	2
168	0
0	0
0	0
0	0
0	0
0	0
0	0
0	3
0	3
0	3
0	3
0	4
0	4
0	4
0	0
0	0
0	0
0	0
0	0
79	0
0	0
0	0
0	0
0	0
0	24
0	24
0	0
0	0
0	0
0	0
0	0
0	0
0	0
3	0
70	0
0	366
0	370
0	367
0	366
0	32
0	32
0	32
3879	0
0	0
0	0
0	0
0	0
0	0
0	0
0	0
0	0
0	0
0	0
1	0
0	0
0	0
0	0
0	0
0	0
16	16
0	16
124	0
10	0
1	0
0	0
0	0
0	0
0	0
0	0
1	0
83	0
17	0
54	0
0	1
0	1
0	11
0	11
0	11
0	11
0	0
2	0
1	2
0	2
0	44
0	44
0	44
0	44
0	0
0	0
0	0
1	0
0	0
66	0
0	0
0	0
9	0
7	0
2	0
0	1
0	1
0	1
0	1
0	1
0	1
0	1
0	1
0	1
2	0
4	0
8	2
0	2
0	0
0	0
0	0
0	6
0	6
6	0
0	0
1	0
0	0
0	0
0	0
1	0
6	0
5	0
1	0
3	0
14	0
0	0
0	0
0	0
0	0
0	0
1	0
0	0
0	0
0	0
0	0
0	0
0	0
0	0
0	6
0	6
0	6
0	6
6	5
0	7
0	7
0	7
0	6
0	6
0	6
0	6
0	6
0	6
0	6
0	6
0	6
0	6
0	6
6	0
1	11
0	11
1	0
182	0
8	0
0	71
0	71
101	0
149	2
0	2
72	0
16	0
0	17
0	17
0	0
2	0
2	0
1	0
0	0
35	0
1	0
0	0
12	0
0	0
0	0
4	0
0	0
32	0
0	0
0	0
0	0
0	0
0	0
0	0
0	0
0	0
0	10
0	10
12	0
81	0
0	12
0	13
0	13
0	13
0	13
0	13
0	13
0	13
0	13
0	13
0	12
0	13
0	13
41	0
0	0
2	0
74	0
6261	0
0	141
0	141
0	141
0	0
0	0
0	0
0	0
0	0
0	0
0	0
0	0
136	0
115	0
4	0
501	0
26	0
3	0
0	9
0	9
0	0
64	0
5	0
57	0
27	0
4	0
0	0
0	0
0	0
3	0
0	0
288	0
68	0
0	0
758	0
3	0
6	0
0	0
30	0
31	0
0	1
0	0
0	0
0	1
0	0
1	0
1	0
0	0
0	0
0	0
4	0
0	0
0	1
0	1
4	0
6	0
5	0
1	0
0	0
33	0
0	0
17	0
0	0
0	0
2	0
0	93
1	93
0	0
1	0
0	0
8	0
0	0
0	0
5	0
11	0
123	0
0	1
0	1
0	0
0	0
0	0
0	0
0	0
0	0
0	0
8	0
0	2
0	0
0	0
0	2
0	0
5	0
0	116
0	116
0	0
0	0
0	0
0	0
0	0
0	0
0	0
0	0
0	0
0	0
0	0
0	0
3	0
0	0
1	0
0	0
0	0
0	0
1	0
0	0
0	0
83	0
0	16
0	16
0	16
0	16
0	0
0	0
0	0
0	29
0	29
0	29
6	0
0	0
0	17
0	17
0	20
0	20
9	0
259	0
1	0
0	0
0	0
2	0
90	0
34	0
11	0
38	0
83	0
75	0
1	0
12	0
2	0
0	37
0	37
56	0
0	0
0	0
0	0
0	0
0	0
0	0
20	0
27	0
0	13
0	13
0	13
0	13
0	13
1	0
3	0
0	0
0	0
0	0
0	0
3	0
0	0
0	0
0	0
2	0
2	0
10	0
41	0
12	0
6	0
3	0
20	0
52	0
0	0
10	0
0	0
0	0
13	0
0	0
0	0
235	0
13	0
57	0
60	0
0	0
234	0
0	4
0	4
0	8
0	8
0	6
0	8
0	8
0	7
0	9
0	7
39	0
0	236
0	230
2	71
11	0
8	0
20	0
0	0
74	0
0	0
0	0
0	0
0	0
243	0
37	1
0	1
0	1
0	1
9	0
4	0
0	0
0	0
0	9
0	9
2	0
0	0
16	0
214	0
6	0
0	0
0	0
0	5
0	5
59	0
5	0
36	0
18	0
0	149
0	149
0	149
0	0
2	2
0	2
23	0
0	0
0	0
0	0
0	0
0	0
0	0
0	0
0	0
0	7
0	7
0	7
0	7
0	6
0	0
0	3
0	3
9	0
0	0
0	0
0	0
2	0
0	0
0	0
1	0
13	445
0	584
0	582
2	581
0	349
0	345
317	348
0	29
0	29
0	29
0	29
0	29
60	0
0	0
0	5
0	5
1	0
0	0
0	0
11	3
0	3
10	3
0	0
0	0
0	0
0	0
0	0
9	0
80	0
0	21
0	21
17	0
7	0
129	0
26	0
48	0
36	0
0	0
0	0
0	0
0	0
0	0
0	0
1	0
0	0
0	0
0	0
2	0
0	5
0	5
49	0
0	0
15	13
0	13
0	13
0	10
0	5
0	0
0	0
0	0
6	0
0	0
0	0
0	0
0	0
0	0
0	0
0	0
0	1
0	1
0	1
0	1
0	1
0	0
0	1
0	1
1	0
0	8
0	8
0	3
0	3
0	3
0	3
0	3
0	6
0	6
0	6
0	6
0	6
0	6
0	7
0	17
0	17
0	17
0	17
0	17
0	0
0	6
0	7
0	17
0	2
0	2
0	2
0	2
1	2
255	0
2	12
0	12
0	10
0	48
0	48
0	48
18	0
0	0
0	0
0	0
0	0
0	0
0	0
11	0
0	0
0	0
0	0
1	0
108	0
45	0
0	0
0	0
79	0
0	3
0	1
0	3
0	1
0	0
0	0
0	0
0	0
0	0
0	0
0	17
0	17
0	0
0	0
0	0
0	0
0	0
0	0
0	0
0	0
0	0
8	0
13	0
30	0
1	99
46	79
34	88
1	10
2	9
0	10
0	9
0	0
0	6
0	6
0	2
0	23
0	23
0	23
99	0
4469	0
0	0
0	0
16	0
0	1927
0	1927
19	0
0	0
9	112
0	112
0	112
0	112
0	112
0	112
2	105
0	0
0	106
0	106
0	106
5	0
0	0
4	0
4	0
0	0
0	0
5	0
0	0
0	0
0	0
0	0
0	3
0	3
0	3
0	3
0	3
0	3
0	3
0	3
0	3
0	3
0	3
0	3
0	3
0	3
0	3
0	3
0	3
0	3
0	0
0	0
0	0
0	0
0	0
0	0
0	0
0	0
0	0
0	0
0	0
0	0
5	2
0	2
0	0
0	0
0	0
0	0
0	0
0	0
0	0
0	0
0	0
0	0
0	0
0	0
0	0
0	0
0	0
0	0
0	0
0	1
0	1
0	0
0	0
0	0
0	0
0	0
0	0
0	0
0	0
0	0
0	0
0	0
0	0
0	0
0	0
0	0
0	0
0	0
0	0
0	0
0	0
0	0
0	0
0	0
0	0
0	0
0	0
0	0
122	0
0	0
26	0
0	63
0	63
0	63
0	63
0	0
187	0
55	0
3176	0
6	0
0	0
43	0
169	0
2	0
1	0
0	0
0	0
0	0
13	0
1	0
0	0
0	145
0	146
0	140
0	141
33	0
0	162
0	162
1	0
0	0
0	0
0	0
0	0
0	1
0	1
0	1
0	1
2	0
0	0
13	0
0	0
6	0
3	0
0	0
41	0
0	0
0	0
0	1
1	1
0	0
0	0
0	0
3	0
4	0
1	0
0	0
1	0
0	0
0	0
0	0
10	0
3	13
0	13
0	10
0	5
0	1
0	0
0	0
28	690
0	690
19	0
0	0
22	0
0	0
0	69
3	69
12	0
25	0
0	0
40	0
0	0
0	0
6	0
0	0
0	0
0	28
0	28
76	0
0	26
0	26
0	0
0	0
0	0
0	0
0	0
0	0
0	0
0	0
0	0
0	0
0	0
0	0
0	0
0	0
0	0
0	0
1	0
2	0
0	0
0	0
1	0
70	0
73	0
0	11
0	11
0	3
0	10
0	0
0	0
0	0
0	0
0	0
0	0
0	0
0	0
0	0
0	0
0	0
0	0
1	0
0	0
0	0
0	0
1	0
75	0
0	0
0	0
0	0
0	0
0	0
0	0
20	0
304	0
9	15
0	15
0	15
0	12
42	0
12	0
67	0
0	0
0	0
0	0
0	0
0	14
0	14
0	0
0	0
0	8
0	8
0	0
0	0
0	14
0	14
0	0
0	0
70	0
1	0
3	0
10	0
40	0
0	0
0	0
0	0
0	0
2	0
0	0
0	0
0	0
19	0
0	6
5	0
0	6
0	0
0	0
6	0
1	0
34	0
0	0
0	0
7	94
0	94
1	0
0	0
0	142
0	142
0	141
0	5
0	5
0	5
0	0
27	0
51	0
0	0
0	1
0	0
0	1
0	1
0	54
0	54
1	0
0	21
0	1
0	1
0	6
0	6
0	6
0	6
0	21
2	0
0	0
0	3
0	3
0	3
0	1
0	1
0	0
0	0
0	0
0	5
0	5
0	0
0	0
14	0
5103	0
60	0
0	4
0	2
0	4
0	2
0	4
0	2
0	4
0	2
0	4
0	2
0	4
0	4
0	2
0	4
0	4
0	2
109	0
0	10
0	10
0	10
0	10
0	0
0	0
24	0
0	59
1	61
0	61
94	51
0	0
4	0
0	0
1	0
1	0
0	0
11	0
7	0
13	0
11	5
0	5
0	5
0	5
0	5
0	5
0	5
0	4
0	4
3	0
0	21
0	21
0	0
10	0
0	5
0	1
0	5
0	5
0	1
0	5
0	1
0	0
0	0
0	0
0	0
1	1
0	0
0	0
0	0
0	0
0	0
0	1
0	0
0	0
0	0
0	0
0	0
0	0
0	0
0	0
0	0
1	0
0	0
52	0
31	0
10	0
0	0
0	6
0	6
5	0
0	0
0	0
0	0
811	0
114	0
0	0
3	0
1	0
0	0
16	0
75	0
10	0
0	0
0	0
40	0
0	0
0	0
0	0
307	0
14	0
0	0
2	0
178	0
0	0
3	0
59	0
0	1
0	1
143	0
3	0
154	0
0	0
0	0
0	0
0	0
0	0
0	0
0	0
0	0
0	0
0	0
0	0
0	0
0	0
0	0
0	0
0	0
0	0
0	0
0	0
0	0
0	0
0	0
1	0
0	0
0	0
0	0
0	0
0	0
0	0
0	0
0	0
0	0
0	0
1	0
0	0
0	0
0	0
0	0
0	0
0	0
0	0
0	0
0	0
0	0
5	2
0	0
0	2
0	0
46	0
33	0
0	0
6	0
0	0
0	0
0	0
0	0
0	0
0	0
0	0
0	0
0	0
3	0
0	8
0	8
0	8
0	8
0	8
0	8
0	8
0	0
0	0
19	0
11	0
0	2
0	2
0	0
0	0
0	0
2	4
0	4
0	0
26	0
8	0
42	0
9	0
3	0
0	0
0	0
0	0
0	0
2	0
0	0
2	0
6	0
0	0
5	0
9	0
6	0
0	0
0	0
0	0
5	0
0	69
0	69
0	69
0	0
0	0
6	0
0	0
0	0
0	0
0	0
0	0
0	0
88	0
0	0
0	0
12	0
0	0
0	0
38	0
25	0
0	4
0	5
9	3
5	0
91	0
0	132
0	132
1	0
0	0
0	0
0	0
0	0
0	0
0	0
16	0
62	0
8	0
0	5
0	5
0	5
0	6
0	6
0	6
0	0
0	0
0	2
0	2
0	0
0	0
0	0
0	38
0	38
8861	0
19	0
0	0
0	0
0	0
0	0
0	0
49	0
23	0
118	0
35	0
678	0
4	0
282	0
4	0
3	0
1	0
2	0
0	0
0	0
4	0
1	0
0	0
8	0
0	0
0	0
2	0
0	15
0	15
0	0
0	0
7	0
0	0
0	0
0	0
0	0
1	0
0	0
0	0
0	0
0	0
0	0
0	0
0	0
0	0
0	0
2	1
0	1
0	1
0	1
0	1
0	1
0	0
0	0
0	0
0	0
0	0
0	0
0	0
0	0
0	0
0	0
146	0
0	19
0	19
0	16
0	16
3	0
0	0
0	0
0	0
0	0
0	0
0	0
0	0
0	0
0	0
0	0
0	0
0	0
18	0
15123	0
0	0
0	0
0	0
0	0
0	0
0	0
0	0
0	0
0	0
0	0
10	0
0	49
0	49
0	49
5	229
1	229
57	0
5	0
12	0
0	9
0	9
0	0
0	0
38	0
0	0
0	0
0	0
0	0
0	1
0	0
0	0
0	0
0	1
0	0
0	0
0	0
9	0
1616	0
5	0
0	68
1	68
2	0
3	0
0	0
0	0
31	0
0	0
0	0
0	0
0	0
0	0
1	0
65	0
0	0
0	0
0	0
0	0
0	0
206	0
0	0
56	0
0	0
0	0
0	0
0	0
0	0
0	0
0	0
0	0
0	0
0	0
0	0
0	0
0	0
0	0
0	0
0	0
0	0
0	0
0	0
0	0
0	0
0	0
0	0
0	0
0	0
0	0
4	0
0	0
0	0
0	0
0	0
0	0
0	0
0	0
0	0
0	0
0	0
0	0
0	0
0	0
0	0
0	0
0	0
0	0
83	0
32	0
0	0
0	0
0	0
51	0
2	0
78	0
39	0
173	0
0	0
3	0
26	0
429	0
1	247
0	247
3	1
0	1
0	1
5	0
0	0
0	0
0	0
0	2
0	2
0	2
0	2
0	0
0	0
0	0
0	0
0	0
0	0
0	0
0	0
5	0
0	0
5	0
0	0
0	0
0	0
0	0
39	0
15	0
307	0
0	38
0	38
1	0
104	0
0	0
0	0
0	0
0	22
0	22
0	22
0	17
1	0
0	0
1	0
0	0
0	0
0	0
0	0
0	0
0	0
0	0
0	0
0	0
0	0
0	46
0	46
0	46
0	46
0	46
0	0
0	0
0	0
0	0
0	0
0	0
0	0
0	0
0	0
0	0
0	0
0	0
2	0
0	0
9	0
0	0
10	0
82	0
38	0
0	0
0	0
13	0
41	0
3	45
1	42
2	26
0	10
5	10
0	0
0	0
0	2
0	2
61	0
0	0
0	0
0	0
26	0
0	1
0	2
0	1
0	2
0	1
0	0
0	0
0	0
0	0
658	0
71	0
86	2
1	2
0	0
0	0
0	0
0	0
79	0
9	0
0	74
0	74
7	0
117	0
15	0
0	0
0	0
12	0
1	0
0	0
59	0
77	0
73	0
1	0
0	1
0	1
0	0
55	0
0	0
18	0
33	0
156	0
88	0
9	0
15	0
0	93
0	93
0	0
0	0
1971	0
0	6
0	6
0	6
0	6
0	6
0	6
7	0
0	12
0	12
95	12
101	0
170	0
0	22
0	22
0	0
0	0
295	0
0	0
37	0
24	0
31	0
0	0
0	0
1	0
0	0
37	0
32	0
4	0
19	0
0	7
0	7
26	0
4	0
5	0
14	0
0	0
0	0
0	13
0	13
0	4
0	4
0	4
0	4
0	4
0	4
0	0
0	0
5	0
12	0
70	0
1	0
86	0
31	0
0	0
0	51
0	51
289	0
1	28
0	28
6	0
239	0
2	0
3	0
2	0
0	0
0	0
2	0
810	0
6248	0
3928	0
0	108
0	108
1	34
1	31
0	34
0	34
0	34
0	32
0	32
0	16
62	16
0	0
0	0
0	0
133	18
0	18
33	0
49	0
12	0
0	0
0	0
0	0
0	0
0	0
9	0
59	0
0	100
0	100
0	5
0	5
0	0
32	0
19	0
0	0
0	0
82	0
50	5
3987	5
26	0
1	0
16	0
0	0
0	0
0	0
0	0
1	0
0	0
0	0
0	17
0	2
0	17
0	2
0	0
0	0
0	0
0	0
0	0
0	36
0	36
0	4
0	4
0	0
0	0
0	0
0	0
1	0
0	0
0	0
0	56
0	56
0	56
0	56
0	56
15	95
0	95
0	0
0	0
2	0
16	0
0	0
0	0
0	0
0	0
0	0
0	0
0	0
0	0
0	0
0	0
0	0
0	0
0	0
0	0
0	0
0	0
0	0
0	0
0	0
0	0
33	0
0	0
0	0
0	0
27	0
0	0
3	0
19	0
0	0
1	0
0	0
0	0
17	208
0	208
1	99
124	0
45	0
2	0
78	0
0	7
0	4
0	7
0	0
0	0
0	0
0	0
0	0
172	0
0	0
0	0
47	0
22	0
98	0
0	0
0	0
0	0
0	0
90	0
0	0
6	0
0	0
0	0
103	0
0	0
1	0
181	0
0	0
373	0
93	0
50	0
0	0
0	0
0	0
0	0
0	0
0	0
0	0
0	0
0	0
0	5
0	5
0	0
0	0
302	0
0	0
62	0
0	0
0	0
0	0
0	0
82	0
0	0
64	0
37	0
0	0
0	0
0	0
0	0
0	0
4	0
12	0
0	0
0	0
0	0
0	0
0	0
0	0
0	0
23	0
17	0
26	0
0	0
0	1
0	1
4	1
0	1
0	0
0	13
0	13
0	13
0	13
0	13
0	13
0	11
0	1
0	0
0	0
3969	0
0	13
0	1
0	1
0	1
0	0
0	0
0	0
0	32
0	32
0	30
0	33
0	33
17	9
0	14
0	14
0	0
17	0
245	0
0	0
0	0
0	0
0	1
0	1
0	1
0	1
0	1
6120	0
8	43
0	43
3	0
4	0
0	0
0	0
0	0
2	0
0	1989
0	1989
0	1989
0	1988
0	1988
0	1988
0	1856
9	0
0	0
0	0
0	0
0	0
0	0
0	0
0	0
0	0
0	0
0	0
2	0
0	0
0	0
0	0
0	0
0	0
0	0
0	0
0	0
0	0
0	0
0	0
0	0
0	4
0	4
2	0
0	0
1	0
1	0
0	0
6	8
0	8
0	8
0	8
0	8
0	8
0	7
0	0
0	0
0	0
0	0
0	0
0	0
34	0
0	0
0	0
11	0
4	0
4	0
64	0
0	43
0	43
0	19
0	19
23	0
5	0
0	50
0	50
0	50
0	50
0	143
0	143
2	41
0	41
2	0
0	0
0	1
0	1
1	0
0	0
20	0
0	0
0	0
0	0
0	294
0	293
0	294
0	294
0	189
0	188
0	189
0	0
0	37
0	37
0	37
0	37
0	37
0	33
0	33
311	0
102	0
0	0
1	0
0	0
0	123
0	122
0	128
0	0
0	9
0	9
0	9
0	9
0	9
0	9
0	9
0	9
0	9
0	4
1	50
0	50
0	48
0	0
0	0
383	0
0	10
0	10
0	0
0	0
0	0
0	0
0	0
0	0
2	0
0	0
4	0
0	0
0	0
3	0
0	2
0	2
0	0
0	0
0	0
0	0
0	0
0	0
0	0
0	0
0	0
0	28
0	28
0	28
0	9
0	7
0	7
0	7
0	23
0	4
0	0
0	0
0	0
8	0
17	0
0	4
0	4
0	4
0	0
0	0
0	2
0	2
0	0
4	0
10	0
1	0
48	0
1	0
6	0
18	0
51	0
1	0
0	0
0	0
0	0
3	0
0	0
0	11
0	11
0	32
0	32
0	1
0	1
0	8
0	8
0	0
1	0
3	4
0	4
5	0
1	0
92	0
24	2
0	2
0	9
0	9
1	0
0	0
0	0
1	0
0	0
0	0
0	0
1	1
52	0
0	1
0	0
0	0
0	0
0	0
0	0
1	2
0	2
0	2
0	2
0	2
0	2
0	7
0	6
0	3
0	3
0	3
0	9
0	7
0	4
1	3
0	3
0	0
0	7
0	0
10	5
0	5
0	5
0	5
0	0
54	0
0	0
0	0
0	0
0	0
0	1
0	1
3	0
0	0
0	0
0	0
0	0
2	0
5	0
0	0
0	0
0	2
0	2
1	0
0	0
0	0
0	0
0	0
0	0
0	0
1	0
20	0
0	6
1	6
4	0
1	0
1	0
0	0
0	0
0	0
0	0
0	0
0	0
0	0
1	0
17	19
0	19
2	0
37	0
2	3
0	3
91	0
7	0
0	1
0	1
0	0
0	0
0	2
0	2
0	2
5	378
0	390
0	388
17	0
31	0
9	0
15	0
0	790
0	790
0	27
0	27
0	14
0	12
39	0
0	0
0	0
0	0
0	0
0	0
0	0
0	0
0	0
0	2
0	2
0	0
0	0
0	0
1	2
0	2
4	0
1	6
0	6
0	6
0	5
0	5
0	13
0	5
0	13
0	0
0	0
1	0
0	0
0	0
0	0
0	0
2	0
1	0
31	0
30	0
3	0
0	0
0	0
0	0
119	0
0	0
0	0
0	0
0	0
0	0
0	0
0	8
0	8
48	0
0	8
0	8
2	0
0	0
0	0
0	0
0	0
0	0
0	0
0	0
0	31
0	31
4	0
0	0
24	0
22	0
23	0
0	0
0	0
3	0
1	4
0	4
0	345
0	345
0	328
0	342
0	347
0	330
1	97
5	95
0	95
41	0
1578	0
0	0
0	0
0	0
0	0
0	0
0	0
0	6
0	6
0	6
0	6
0	5
0	5
6	0
0	0
1	0
0	0
7	0
0	7
0	7
0	7
0	0
0	0
40	0
0	3
0	3
0	0
0	0
0	0
70	0
107	0
59	0
0	43
0	43
0	43
0	43
18	0
323	0
0	0
1	0
14	0
1	0
17	0
0	0
0	0
0	0
0	0
0	0
0	0
0	0
0	0
0	1
0	1
0	1
315	0
15	0
0	0
0	0
0	0
1	72
0	72
0	2
0	2
0	2
12	0
0	0
0	0
0	0
0	0
0	0
0	0
0	0
20	0
0	70
0	70
0	70
40	0
1	0
0	12
0	12
0	12
0	73
0	73
1	0
2	0
0	0
0	0
0	0
1	0
0	0
0	566
0	566
0	680
0	273
0	644
10	676
0	588
0	399
0	680
0	680
0	676
0	1
0	1
0	4
0	4
0	4
0	4
0	4
0	4
0	0
0	0
0	0
6	0
35	0
0	0
0	1
0	1
0	0
0	0
0	0
0	0
5	2
0	2
1	0
0	0
0	0
0	0
0	0
0	0
0	1
1	1
0	1
8	0
13	0
195	0
52	0
0	0
0	0
0	0
426	0
31	0
0	0
0	0
0	1
0	1
0	0
2	0
149	0
127	0
87	0
91	0
0	57
0	39
0	11
0	0
0	0
0	0
0	39
0	39
0	11
0	58
0	40
0	40
0	40
0	14
0	14
0	14
0	14
0	14
0	9
0	9
0	1
0	1
0	18
0	0
0	0
0	0
0	0
0	0
0	18
0	0
0	17
0	1
0	1
0	1
0	1
0	1
0	1
0	19
0	19
0	19
0	19
0	19
0	19
0	19
0	19
0	7
0	0
0	7
0	7
0	8
0	7
0	7
0	8
1490	0
0	3
0	3
0	0
0	10
0	10
42	0
8	0
8	0
0	0
35	0
327	0
0	0
0	0
0	0
22	0
0	0
9	0
5	0
0	0
0	0
0	0
0	0
0	0
0	0
0	0
0	1
0	1
0	0
10	0
5	0
110	0
15	0
188	0
0	0
0	2
0	2
0	2
0	2
0	2
0	0
0	0
0	0
0	0
0	0
0	0
0	0
0	0
0	0
0	0
0	0
0	0
0	0
0	0
0	0
0	0
15	0
0	0
0	0
0	0
0	0
0	0
0	0
4	66
0	66
0	4
10	0
0	0
1	0
0	0
0	4
0	4
0	2
0	0
95	0
10	0
0	16
0	16
0	15
0	15
0	15
0	15
0	0
0	0
0	0
0	5
1	5
0	4
0	0
0	0
0	0
11	0
71	0
20	0
2	0
0	1
0	1
0	1
0	1
839	0
0	12
0	12
15	0
18	0
0	0
43	0
5	0
0	0
3	0
0	70
0	70
0	70
0	61
0	61
0	0
0	0
0	0
0	0
0	0
0	0
89	0
4479	0
25	0
13	0
23	0
0	0
0	0
3	0
0	0
0	0
0	0
10	0
17	0
5059	0
111	0
0	3
0	3
15	0
0	0
0	0
0	0
4	0
0	0
0	0
0	0
0	0
0	0
0	0
0	0
0	0
0	0
2	6
0	6
0	0
0	0
0	0
0	0
2	0
0	0
2	0
0	0
0	7
0	7
0	52
0	52
0	52
0	0
2	0
0	0
0	0
0	14
0	14
0	14
0	14
0	14
33	0
0	3
0	3
13	0
0	1
0	1
0	0
3	0
0	642
0	641
0	642
6	0
20	112
0	112
124	0
0	0
0	0
73	0
0	0
0	0
0	0
1	0
0	0
0	0
0	0
0	0
0	8
0	8
0	8
0	8
0	8
0	8
0	0
0	0
0	0
0	0
0	0
0	0
0	0
0	0
0	0
0	40
0	40
0	40
0	40
0	40
0	40
1	13
0	13
0	13
0	0
0	0
0	0
0	0
2	0
0	0
1	1
0	1
39	0
0	0
0	3
0	0
0	3
0	3
0	3
0	3
0	3
0	0
0	0
0	0
0	0
0	0
0	0
114	7
0	7
72	0
422	0
38	0
7	0
0	1
0	1
0	0
1	0
0	0
0	0
0	0
0	0
0	0
62	0
0	0
0	0
0	0
1	0
0	0
0	0
0	0
0	0
34	1
0	1
0	0
23	0
7	0
0	0
0	0
0	0
0	0
0	0
0	0
0	0
0	0
0	0
26	0
0	0
0	0
2	0
0	0
0	0
0	0
0	0
0	0
0	0
0	0
0	0
1	0
0	8
0	8
0	8
0	8
0	8
0	6
0	2
1	0
0	0
1	0
0	0
2	38
0	42
0	42
0	42
0	42
0	42
0	68
0	68
0	68
0	43
2	43
71	0
3	0
4	0
0	0
0	0
0	0
0	1
0	1
0	0
0	0
0	0
0	0
0	0
2	0
0	0
0	0
0	0
0	0
0	0
0	0
0	0
0	0
0	0
0	0
0	0
0	0
0	0
0	0
0	0
0	63
0	63
0	63
36	0
74	0
13	0
29	0
9	0
13	0
10	0
41	0
0	0
0	0
0	0
0	2
0	2
512	0
0	0
1	0
0	70
0	70
48	3
4	3
1	0
1	0
0	0
470	0
16	0
82	0
1	47
0	70
0	70
0	70
0	50
0	50
0	50
0	69
0	69
1	67
223	0
0	0
1	0
0	0
0	0
0	0
1	5
0	5
122	0
0	10
0	10
0	8
0	8
0	0
0	0
0	0
0	0
0	0
0	0
0	0
0	0
0	0
0	0
0	0
0	0
0	0
0	0
0	0
0	0
0	0
0	0
0	0
0	0
0	0
0	0
0	0
0	0
1	0
0	0
17	0
2	0
0	0
0	0
0	0
0	0
0	0
0	0
0	0
0	0
0	0
0	0
0	2
0	2
0	0
18	0
2	0
0	0
0	0
0	0
0	0
0	0
0	0
0	0
0	0
0	0
0	0
0	0
0	0
0	0
0	0
0	0
0	0
5	0
0	0
0	0
0	10
0	10
0	10
0	10
0	10
0	10
0	10
0	10
1	0
0	0
0	0
0	0
0	0
0	0
0	0
0	0
0	0
1	0
0	0
0	0
0	0
0	0
0	0
0	0
0	0
0	0
0	0
0	0
10	2
0	2
93	0
49	0
46	0
25	0
57	0
0	0
0	0
0	0
0	2
0	2
27	0
7	0
2	0
0	41
0	41
0	38
0	36
0	36
0	36
0	0
1	0
0	0
5	0
209	0
2	21
0	21
77	0
245	0
0	0
0	0
0	0
1	0
1	0
0	0
0	0
0	0
0	0
0	0
0	0
0	0
0	0
0	0
0	0
0	0
0	0
3	0
32	0
15	0
0	0
0	6
0	6
0	6
3	6
233	0
7	0
2	0
0	0
0	0
0	0
0	0
43	0
0	2
0	2
0	0
8	0
0	0
0	0
0	0
0	0
0	0
0	0
0	0
0	0
0	0
0	0
0	0
0	0
0	0
0	0
2	0
0	109
0	109
226	0
119	0
30	0
0	1
0	1
0	1
0	1
0	1
0	1
120	0
2	0
0	0
0	0
0	14
0	14
0	0
46	0
0	0
81	0
0	0
0	0
1	3
5	3
49	0
0	2
0	2
10	0
0	42
0	42
0	0
0	0
26	0
0	0
319	0
122	0
0	0
0	0
0	0
0	0
0	0
0	3
0	3
0	0
2	0
0	0
0	0
0	0
0	0
0	0
80	0
0	0
0	0
0	2
0	2
0	0
0	0
0	0
29	0
0	0
34	0
39	0
2	0
3	0
25	0
0	0
15	0
1	0
3	0
3	0
92	0
0	0
0	0
0	0
0	0
28	0
9	0
3	0
0	0
0	0
0	0
0	0
0	0
0	0
0	0
0	0
0	0
0	0
0	0
0	0
0	0
0	0
0	0
0	0
0	0
0	0
0	0
0	0
0	0
0	0
0	0
0	0
0	0
0	0
0	0
0	29
0	30
0	29
4	0
15	0
1	0
3	0
0	0
2	0
59	0
7	0
5	0
0	0
6	0
12	0
125	0
0	0
1	0
2	1
0	1
1	0
14	0
19	0
2	0
0	0
0	0
0	0
0	0
0	0
0	0
0	0
12	0
6	0
9	0
0	3
0	3
0	3
0	0
2	7
0	7
0	7
0	7
0	15
0	15
0	4
164	0
5	0
10	0
0	0
0	0
0	0
0	0
0	0
0	0
0	0
0	0
0	0
0	0
0	0
0	251
0	251
0	251
0	1
0	16
0	16
54	0
0	26
0	26
1	26
1	26
1	26
0	2
0	0
0	0
0	0
0	0
0	0
0	0
0	2
0	2
0	0
0	0
0	0
0	0
0	0
0	0
0	1
0	1
24	0
116	0
43	0
4	0
0	0
3	0
74	0
6	0
6	0
0	0
0	0
0	0
0	14
0	14
0	14
0	14
0	14
0	14
0	14
0	14
0	14
0	14
0	14
0	14
0	14
0	13
0	0
0	14
0	13
0	0
0	0
0	0
0	0
0	0
0	0
0	0
0	0
0	0
0	0
0	0
9	0
0	0
0	0
0	0
0	0
7	0
0	13
0	13
0	13
0	0
0	0
0	0
0	0
0	0
0	0
0	0
0	0
0	0
0	0
0	0
0	0
0	0
0	0
0	0
0	0
0	0
0	0
0	0
0	0
0	0
0	0
0	0
17	0
3773	0
49	0
142	0
0	0
42	0
35	0
2	0
0	0
24	0
0	31
0	31
37	0
4	0
29	0
0	10
0	10
0	4
0	0
0	0
0	0
24	0
13	0
11	0
60	0
148	0
0	4
0	4
11	0
0	30
0	30
134	0
0	6
19	6
0	7
0	6
144	0
0	0
0	54
0	54
0	54
0	25
0	0
0	0
0	0
0	0
1	0
0	0
7	0
78	0
0	0
0	0
0	0
0	0
0	0
0	0
0	0
0	0
0	0
0	0
0	0
0	0
0	0
0	0
0	0
0	0
0	0
0	0
0	0
0	12
0	12
0	12
0	12
0	12
0	12
0	12
0	12
0	0
0	1
0	1
0	1
0	1
0	1
0	1
0	1
0	0
0	0
0	0
0	0
0	0
0	0
0	0
0	0
0	10
0	10
0	9
0	9
64	0
85	0
1	0
1	0
0	0
0	0
0	0
0	0
0	0
0	0
0	0
0	0
0	0
0	0
0	0
0	0
0	0
0	0
0	0
0	0
0	0
0	0
0	0
0	0
0	0
0	0
0	0
97	0
28	0
0	0
0	0
0	0
0	0
0	0
0	0
0	0
4	0
0	3
0	3
0	3
0	0
0	0
0	0
0	0
0	0
3	0
0	3
0	3
0	3
0	3
0	3
0	2
0	2
0	2
0	2
1	2
0	2
4	12
0	0
0	1
0	41
0	1
0	1
0	41
0	0
3	0
27	0
0	5
0	5
0	5
0	5
0	5
0	6
0	6
0	6
0	6
0	6
88	0
0	0
0	0
1	0
32	0
7	1
1	1
85	0
7	0
0	0
0	0
0	0
0	11
0	11
0	0
0	0
0	11
0	10
0	10
0	10
6	0
0	10
0	7
0	9
0	2
0	0
0	2
0	0
4	140
0	140
10	0
126	0
35	0
6	0
76	0
434	0
0	0
0	96
19	96
10	0
0	0
0	0
7	0
4	0
0	0
0	0
138	0
37	0
0	0
0	0
0	0
0	1
0	1
0	1
0	1
0	0
0	0
16	0
0	0
17	0
49	0
0	0
0	0
3	0
1	0
0	0
0	0
0	0
0	0
0	0
0	0
0	0
0	0
0	0
2	2
0	2
0	0
3	0
10	0
11	0
8	0
69	0
0	0
6	1
0	1
0	0
0	0
0	0
0	0
0	0
0	0
0	0
31	0
0	0
50	0
234	0
0	77
0	77
0	0
0	0
0	0
0	0
0	14
0	14
0	14
0	14
0	14
0	0
0	0
0	0
0	0
0	4
0	4
20	0
4	0
19	0
6	0
15	0
12	0
0	0
4	1
2	1
0	6
0	6
0	6
2	0
0	66
0	66
0	66
0	66
0	66
0	66
0	66
0	66
0	0
4	0
17	0
1	0
0	0
0	0
8	0
0	0
14	0
66	0
35	0
10	0
46	0
0	16
0	16
0	16
0	12
0	6
13	0
0	45
0	47
0	47
0	47
0	45
0	9
0	9
0	7
0	9
0	47
0	9
0	40
10	0
4359	0
0	49
0	49
0	49
0	0
0	0
0	0
0	0
2	0
0	9
0	9
0	6
0	9
0	9
0	6
0	6
0	9
0	9
0	6
1	6
138	0
0	0
0	0
0	0
0	0
0	0
4	0
5	0
12	0
9	0
1213	0
5737	0
1854	0
4692	0
6570	0
3	0
0	0
0	0
0	0
0	9
0	0
0	9
0	9
0	6
0	9
0	9
0	9
0	7
4	0
0	0
0	0
0	0
1	0
0	0
0	0
0	0
0	0
3	0
0	0
0	0
0	0
49	0
0	0
0	0
0	0
0	0
0	0
0	0
0	0
0	0
0	0
0	0
0	0
0	0
10	0
0	14
0	14
0	13
0	13
0	13
2	0
0	0
0	0
0	0
3	0
150	0
2	0
6	0
0	0
0	7
0	7
0	7
0	7
4	0
41	0
50	0
5	0
4	0
5	0
1	0
0	0
10	11
1	11
0	1
0	1
0	0
0	88
0	88
0	0
0	0
0	0
0	0
0	1
2	1
0	1
0	1
0	1
0	20
1	20
6	0
0	0
0	0
0	0
1	0
0	0
0	0
0	48
6	44
15	48
0	40
0	6
1	2
19	0
15	0
0	0
0	0
0	0
0	0
0	0
0	0
0	0
0	0
0	0
0	1
0	1
0	1
0	1
0	1
1	0
14	0
0	0
0	0
0	0
0	0
0	0
0	5
0	0
0	5
0	5
0	2
0	2
0	3
0	2
0	2
0	0
0	1
0	0
0	0
0	8
0	8
0	8
0	8
0	0
4	0
5	0
2	0
4	9
0	9
54	0
15	6
0	6
17	0
1	0
0	0
3	0
0	0
322	0
2	0
2	0
982	0
6	0
0	28
1	28
0	0
140	0
21	4
16	4
0	8
31	8
0	0
12	0
2	0
4836	0
0	13
0	15
0	15
1	0
0	15
1	0
0	0
0	0
1	2
0	2
0	2
0	0
1	0
7	0
47	0
29	0
44	0
0	3
1	3
110	0
407	0
1	0
0	0
0	0
0	21
0	21
0	52
0	52
6103	134
0	134
0	0
0	0
0	0
0	0
0	0
0	18
0	18
0	3
0	0
0	0
0	0
0	0
0	0
8	0
217	0
0	0
47	0
0	11
0	11
0	11
0	11
0	11
0	11
0	11
0	11
0	0
0	0
3	0
0	0
2	0
495	0
0	416
0	416
0	416
0	416
0	416
0	416
0	0
9	0
0	0
0	0
0	10
0	10
6	0
9	1
0	1
0	1
237	0
19	0
0	84
0	84
0	0
0	1
0	1
0	0
330	0
0	0
0	0
0	0
0	0
0	0
0	0
0	0
0	0
0	0
0	0
0	126
0	126
0	126
0	122
0	122
0	122
0	122
2	15
0	0
0	0
0	0
0	0
0	0
1	0
0	0
0	0
0	0
0	0
0	1
0	1
0	1
0	0
0	0
0	0
0	0
0	1
0	0
0	0
0	1
0	0
0	0
0	1
0	13
0	13
9	2
0	4
0	4
1	0
0	3
0	3
857	0
0	0
0	0
161	0
1	0
1	0
0	0
0	0
0	0
0	0
0	21
0	21
2	21
8	21
0	0
0	0
0	0
4	0
2	0
0	13
0	13
3	0
84	0
0	0
0	0
0	2
0	2
0	0
0	0
0	0
0	0
0	0
0	0
0	0
0	0
0	0
0	0
0	0
0	0
0	0
0	0
0	0
0	0
0	0
0	0
0	0
0	0
0	0
0	0
0	0
0	0
0	0
37	0
0	0
0	0
0	0
0	0
0	1
0	0
0	1
0	1
0	1
0	0
0	0
0	0
0	0
0	0
0	0
0	0
0	0
0	0
0	0
0	0
0	0
0	25
0	25
34	0
0	31
0	31
0	7
0	7
31	0
0	0
0	0
0	0
0	0
99	0
142	0
0	13
0	12
0	13
0	13
1	0
0	0
0	0
113	0
0	0
0	0
0	0
0	0
0	0
0	0
0	0
0	3
4	3
0	3
0	3
3	0
0	0
7	0
3	0
16	0
0	0
0	0
0	0
1	0
0	0
2	0
0	0
18	0
0	0
0	0
0	0
0	0
0	0
0	0
0	0
0	0
0	0
0	0
11	0
19	0
57	0
42	0
0	0
153	0
14	0
0	0
0	0
191	0
588	0
19	0
1	0
0	0
0	0
80	0
95	0
0	0
0	0
0	0
0	0
0	0
1	0
4	0
104	0
45	3
0	3
0	3
0	3
0	3
188	0
72	0
32	0
0	0
0	0
0	0
0	0
0	0
0	0
0	0
0	0
46	0
0	0
0	0
3	0
0	0
0	0
0	0
0	0
6	0
6	0
0	0
0	0
3	0
4	0
0	26
0	26
67	37
0	37
0	37
0	0
0	0
243	0
3	8
0	8
0	0
0	0
2	0
0	0
0	0
1	0
0	0
0	0
0	0
0	0
0	0
0	0
0	0
0	0
2	1
0	1
0	0
0	0
0	0
0	0
0	0
0	0
0	0
0	0
0	0
0	15
0	15
4	15
2	15
1	54
0	54
0	0
0	0
0	0
0	0
0	0
0	0
0	0
0	0
0	0
0	0
0	0
1	0
0	0
0	0
0	0
0	0
4	0
0	45
0	45
0	4
0	0
0	0
0	241
0	254
0	95
0	108
0	0
39	0
0	4
0	4
0	4
2	0
0	0
49	0
50	0
0	0
55	0
0	7
0	7
0	7
32	0
2	12
0	12
0	0
0	0
0	0
0	0
0	0
107	0
21	0
0	0
3	0
1	0
0	0
0	0
0	0
0	0
3	0
0	0
8	1
0	4
0	4
0	1
3	0
70	0
0	0
2	0
0	0
8	0
0	20
0	20
0	0
0	0
0	0
0	0
1	0
5748	13
0	13
23	0
0	42
0	42
0	0
3	0
0	0
0	0
0	0
0	0
0	0
0	0
0	0
0	0
0	0
0	0
0	0
0	0
0	0
0	0
0	0
0	0
0	0
0	0
0	0
0	0
0	0
0	0
0	0
0	0
0	0
0	0
0	0
0	1
0	1
0	0
0	0
0	0
0	0
0	0
10	0
5	0
2	0
0	0
0	0
0	0
0	0
0	0
0	0
0	0
0	0
0	0
0	8
0	8
0	8
0	8
0	0
0	0
0	0
0	0
0	0
0	0
35	0
24	0
0	2
0	2
7	17
0	17
0	0
0	0
0	0
50	0
227	0
37	0
252	0
0	0
0	0
0	0
0	0
263	0
0	44
0	44
11	0
0	0
0	0
0	0
1	0
0	0
0	2
0	2
0	0
0	0
54	0
0	0
2	9
5	9
48	0
0	0
0	0
0	0
0	0
0	0
4	0
3	0
0	18
0	19
0	0
0	1
0	0
0	0
0	0
0	0
0	0
41	0
0	0
0	0
0	3
0	3
0	3
28	0
0	0
5	0
0	8
0	8
0	8
0	5
0	5
0	0
0	0
0	0
0	0
0	76
0	76
0	0
0	0
0	0
0	1
0	1
0	0
75	0
0	0
5	0
9	0
16	0
0	49
0	49
0	21
0	21
0	156
0	156
0	156
0	156
0	156
0	156
0	156
0	156
4	0
9	0
2513	0
3	0
1	0
7	0
27	0
102	0
0	6
0	6
0	5
0	3
0	0
0	0
0	0
0	13
0	13
73	0
0	15
0	15
1	13
0	13
47	0
0	16
2	16
0	30
3	30
34	0
29	0
0	57
0	57
0	0
0	0
0	0
0	0
0	0
0	5
0	5
0	22
0	22
0	8
0	8
0	8
0	8
0	8
0	0
16	0
0	65
0	65
1	1
0	1
0	21
0	21
0	0
27	5
0	0
1	5
0	0
0	5
0	1
0	1
0	0
0	0
0	0
0	0
0	0
0	0
0	0
0	0
0	0
0	0
0	0
1	0
0	0
0	0
0	0
0	0
0	0
0	0
4	0
19	0
45	0
152	0
208	0
14	0
0	7
0	7
5224	0
1	0
1	0
108	0
6429	0
10	0
86	0
0	0
0	0
0	0
0	0
0	0
0	0
0	0
0	0
0	0
0	0
7	0
0	0
0	0
0	0
1	0
0	0
0	0
0	0
0	0
544	29
0	29
0	0
0	0
0	0
0	1
0	1
0	1
0	0
0	0
0	0
7	0
1	0
0	0
13	0
0	1
0	1
0	0
0	0
0	0
1	0
0	0
2	0
1	0
0	0
2	0
0	5
0	5
0	5
1	2
14	0
0	0
0	2
0	2
0	2
0	2
0	0
0	0
0	0
0	0
0	1
0	1
0	1
0	1
0	1
1	0
0	0
0	0
0	1
0	1
43	0
0	0
0	0
4	0
0	0
0	0
0	0
0	0
0	0
0	0
0	0
0	0
0	0
0	0
0	0
0	0
0	0
0	0
0	0
0	0
0	0
0	0
0	0
0	6
0	6
0	0
0	0
0	0
0	0
0	0
0	0
0	0
5	0
0	0
0	1
0	0
0	1
156	0
21	0
0	0
0	0
1	17
2	17
17	0
114	0
0	0
0	0
0	0
0	0
0	0
0	0
0	0
0	0
748	0
8	0
53	0
2	0
351	0
15	52
1	0
0	0
0	0
9	38
5	38
1	0
8	0
23	0
0	5
0	5
0	5
0	3
5	0
0	0
0	0
0	0
0	0
0	0
0	0
0	0
0	0
0	0
0	0
0	0
0	0
0	4
0	4
0	4
0	4
0	0
0	3
0	3
0	0
0	3
0	3
0	3
0	0
0	0
0	0
0	0
50	4
0	4
0	0
0	0
0	0
4	0
1	15
0	15
0	4
0	4
1	11
0	11
0	1
0	1
0	1
0	0
0	0
0	0
29	0
0	14
0	14
54	0
0	0
0	0
0	0
0	0
0	0
0	0
0	0
0	0
104	2
0	2
0	2
0	5
0	5
0	0
0	0
0	10
0	0
0	0
0	0
2	0
0	0
0	0
0	0
0	0
0	10
0	10
0	10
0	0
0	60
0	62
0	61
0	63
146	54
17	0
0	0
0	0
41	0
2	1
0	1
31	0
44	0
221	0
232	0
0	0
0	0
0	0
0	0
0	0
0	0
0	0
0	0
0	0
0	0
0	0
0	0
0	0
0	50
0	50
1	0
0	0
161	0
252	0
0	0
0	0
0	0
0	0
0	0
0	0
0	0
0	0
0	0
0	0
0	0
0	0
0	0
0	0
0	0
0	24
0	24
0	24
0	24
0	24
0	24
0	24
0	24
0	24
0	20
0	20
0	16
0	0
0	0
23	0
76	48
0	48
3	13
0	13
0	3
0	3
0	0
0	8
0	8
0	5
0	0
0	0
0	0
0	0
0	0
173	0
60	0
12	0
4	0
0	0
38	0
16	0
51	0
28	0
0	0
0	0
0	0
0	0
18	1
3	1
0	0
0	0
0	0
0	0
0	2
0	2
0	0
0	0
79	0
1	0
149	0
4	0
0	0
0	0
13	0
2	7
0	7
0	7
0	0
0	7
0	7
0	0
0	1
0	1
4	0
0	44
0	44
0	0
0	0
0	0
0	0
0	0
0	0
0	0
1	0
2	154
0	154
0	11
4	0
0	18
0	18
0	18
13	0
24	0
4	0
253	0
1	170
0	170
0	40
0	40
0	12
0	0
8	12
0	11
0	0
3	12
0	12
0	0
0	1
0	1
0	0
0	0
185	0
0	0
0	0
0	0
0	0
0	0
0	0
0	0
0	0
0	0
0	0
0	0
0	0
0	0
0	0
0	0
0	0
0	0
0	0
0	0
0	0
0	0
2	0
0	0
0	0
0	0
0	0
0	0
0	0
0	0
0	0
1	0
8	0
0	2
0	2
0	2
0	26
2	26
0	0
10	1
1	1
0	0
0	0
0	0
0	0
0	0
0	0
0	0
0	0
0	0
0	0
0	0
0	0
0	0
0	0
0	0
0	0
0	0
0	0
0	0
0	0
0	0
0	0
3	2
0	2
4	0
0	0
1	0
1	0
28	0
5	0
5	158
0	158
0	158
0	158
1	0
3	0
0	0
0	0
9	0
24	0
0	0
0	0
0	0
0	0
141	0
0	5
0	5
0	0
0	0
0	0
0	0
0	0
0	0
21	0
0	20
0	19
0	14
0	21
0	21
0	16
0	16
0	14
0	20
0	16
0	15
0	0
0	3
0	2
0	3
0	2
0	3
0	3
0	0
0	0
0	0
10	0
0	5
0	5
0	0
0	0
35	0
60	0
0	0
0	1
0	1
0	1
0	9
0	8
0	9
0	8
0	8
0	22
0	22
114	0
2	0
23	0
0	11
0	11
0	0
0	0
0	0
0	0
0	0
0	0
0	0
0	0
0	0
0	0
0	0
3	25
0	25
4	0
68	0
110	0
10	0
0	0
2	0
0	0
0	0
0	0
0	0
0	0
0	0
0	0
0	0
0	0
0	0
0	0
0	0
0	0
0	0
0	0
0	0
0	0
0	0
0	0
0	0
0	0
0	0
0	0
0	0
0	0
0	0
0	0
0	0
0	0
0	0
0	0
0	0
0	0
0	0
0	0
0	0
0	0
0	0
0	0
0	0
0	0
0	0
0	0
0	0
0	0
0	0
0	0
108	0
29	0
91	0
0	0
0	0
0	0
0	0
0	0
0	0
0	0
1	0
38	0
0	0
5	0
16	0
0	4
0	4
0	4
4	0
0	0
0	0
0	0
0	145
0	145
0	144
0	144
0	144
0	144
0	8
0	8
0	8
0	8
0	8
0	4
1	0
51	0
13	0
0	0
3	0
0	15
0	15
1	0
0	0
0	0
1	0
0	0
2	0
0	0
4	0
0	0
0	14
0	14
105	0
34	0
295	0
9	0
0	16
0	16
3	0
8	0
6	0
24	0
0	9
2	9
0	8
0	8
32	0
102	0
149	0
25	0
0	0
1	4
0	4
0	4
0	4
0	4
0	4
0	4
0	4
0	4
5	0
0	0
0	55
0	53
0	14
0	0
0	0
0	0
0	0
0	1
0	1
0	0
0	0
0	13
0	2
0	1
0	13
0	2
0	1
0	1
0	1
0	0
0	0
0	0
0	0
1	0
91	0
0	0
7	0
53	0
2	0
5	0
7	17
0	17
312	0
0	7
0	7
0	0
0	0
126	0
0	0
0	0
16	0
420	0
166	0
1	0
0	0
7	0
0	0
0	2
0	2
85	0
0	0
0	0
0	0
0	0
0	4
0	4
3	4
0	0
0	0
0	0
0	0
0	0
0	0
0	0
0	0
0	0
0	0
0	0
0	0
0	0
8	0
0	4
0	4
0	4
0	4
4	1
2	1
0	9
0	9
25	0
155	0
0	0
0	0
0	0
2	0
2	0
37	0
37	1
0	1
0	0
16	0
2	58
0	58
66	3
2	6
0	6
0	0
0	0
0	0
0	1
0	1
0	0
0	0
0	0
0	19
0	19
0	0
0	0
0	0
0	0
0	0
0	0
0	0
0	23
0	23
0	23
0	0
0	0
0	0
0	0
0	12
0	12
0	12
0	0
1	0
1	0
0	0
0	6
0	6
0	6
9	0
490	0
233	0
0	0
22	0
32	0
99	0
0	0
0	0
32	0
0	0
3	0
642	0
1	37
27	37
0	0
0	0
0	0
0	0
0	0
12	0
16	0
129	0
0	16
0	11
0	16
0	15
0	16
0	11
0	15
0	16
0	11
0	0
0	0
0	283
0	283
0	0
0	0
0	0
0	0
25	0
0	4
0	4
1	0
0	248
0	248
0	10
0	0
1	0
0	0
127	0
8	0
0	0
0	0
0	0
0	0
0	0
1	0
0	0
0	0
7	0
0	0
0	0
0	0
0	0
0	0
0	0
189	0
219	0
0	0
0	0
1	0
0	0
0	0
0	0
0	0
0	0
0	0
5	0
17	0
236	0
12	0
1	0
0	135
0	135
2	0
0	0
0	0
0	0
2	0
0	0
2	0
0	0
19	0
0	0
0	0
0	0
1	0
0	0
0	0
0	0
0	0
0	0
4	0
0	0
1	0
82	0
285	0
14	0
9	0
1	0
2	0
0	0
2	0
0	0
0	0
0	0
1	0
1	0
0	0
0	0
0	0
0	0
0	0
0	0
0	0
0	0
0	0
0	1
0	1
0	0
14	0
0	0
0	0
0	0
0	0
0	0
0	0
0	0
0	0
0	0
0	0
0	0
0	0
0	0
9	0
42	25
0	25
5	0
0	3
0	3
2	0
60	0
0	2
0	2
0	2
1	0
56	0
28	0
41	0
1	0
0	0
0	0
0	0
0	0
0	0
0	0
19	0
117	0
76	0
0	1
0	3
1	3
87	0
29	0
8	0
1	42
0	42
0	0
34	0
9	0
72	0
55	0
0	10
75	10
11	0
0	0
0	0
0	0
0	0
9	0
1813	0
7	0
169	0
16	0
114	0
0	0
0	0
0	0
0	0
0	0
0	0
0	0
0	0
0	0
0	0
3	0
0	0
0	0
0	0
0	0
0	0
0	0
0	0
0	0
6	0
0	0
0	0
0	0
0	0
0	0
0	0
0	0
0	0
0	0
3	3
0	3
0	3
0	3
0	3
6	0
0	0
0	0
4	0
0	0
0	0
0	0
0	0
0	0
0	0
0	0
59	0
25	0
14	0
29	0
75	0
0	0
52	0
0	0
1	0
0	0
0	0
0	0
0	0
0	0
6	0
0	0
0	0
0	0
0	0
0	0
0	0
0	0
0	0
0	0
0	0
1	0
0	0
0	0
0	0
0	0
15	0
0	0
0	0
0	0
0	3
140	3
0	0
0	3
0	0
0	0
0	5
0	5
0	1
0	1
0	0
0	0
0	0
0	0
0	0
0	0
0	0
1	0
0	0
49	0
0	0
0	0
42	0
0	0
0	0
2	0
0	0
176	0
17	0
122	0
0	16
0	16
0	0
0	0
0	0
0	0
0	0
0	24
0	24
8	0
35	0
10	0
0	0
0	9
1	9
0	1
9	1
1	0
67	0
0	1
0	1
0	1
0	1
0	7
0	7
0	7
0	0
0	0
0	0
0	0
0	0
0	0
7	0
0	0
6	0
0	7
1	0
0	7
0	0
76	0
7	0
0	51
0	51
5	0
0	0
5	0
71	0
23	9
0	9
0	1
0	1
0	1
0	1
0	0
0	0
8	0
5	24
0	24
1	5
0	5
0	5
2	7
0	7
0	2
0	2
0	2
0	2
1	571
10	525
0	566
68	0
2	28
0	28
45	0
337	0
1	4
0	4
73	0
4	0
10	0
4	0
0	0
0	0
0	0
0	0
0	0
0	0
0	0
0	0
0	0
0	0
0	2
0	2
0	0
0	0
0	0
0	0
0	0
0	1
0	1
35	0
438	0
86	0
279	0
0	32
2	32
7	0
41	0
0	0
0	0
0	0
0	0
0	54
0	54
0	0
0	1
0	1
0	0
0	0
6	0
13	13
0	2
0	2
0	2
0	2
0	1
0	0
0	0
0	0
0	0
0	0
0	0
0	0
0	0
0	0
0	0
0	0
0	0
0	0
0	0
0	0
0	26
0	25
0	25
0	25
2	5
0	4
0	4
184	0
4	0
0	0
0	0
0	0
0	0
0	0
0	0
25	0
0	0
1	0
0	0
0	0
10	0
47	0
1	0
0	0
0	0
24	0
0	12
30	12
0	12
1	2
0	2
1	0
0	0
0	0
56	0
0	0
0	0
0	0
0	0
47	0
0	0
0	0
0	0
48	0
0	3
0	3
0	3
0	3
0	3
0	3
0	16
0	16
0	0
0	0
0	0
0	0
3	0
3	0
12	0
0	49
0	49
0	49
265	0
3	2
0	2
0	0
0	0
0	0
3	0
0	0
5	0
0	0
0	0
0	0
2	0
18	1
14	1
10	0
1	1
0	1
0	0
96	0
97	2
1	0
1	0
0	0
0	0
0	2
0	0
0	34
0	34
0	34
36	0
4	0
0	51
4	51
99	0
1	0
0	0
0	0
2	0
0	0
0	0
0	0
0	0
0	0
0	0
0	0
0	0
0	0
0	0
2	0
4	0
60	0
4	126
0	126
4	0
2	0
2	0
19	0
7	0
0	0
0	271
0	271
0	270
0	28
0	28
0	0
0	337
0	337
0	337
0	337
14	0
0	13
0	13
0	0
0	13
0	13
0	13
0	13
0	13
0	13
0	13
0	13
0	0
0	0
4	0
1	3
0	3
0	0
0	0
0	0
0	0
0	0
0	0
0	0
0	0
0	0
0	0
0	0
0	0
0	0
0	0
0	0
0	0
0	0
0	0
0	0
0	0
0	0
0	0
0	5
0	5
0	5
1	0
5	0
0	45
0	45
2	0
0	1
0	1
1	1
0	0
0	1
0	0
0	0
0	0
0	0
0	0
80	0
0	0
0	0
0	0
0	0
0	0
44	0
2	0
0	0
38	0
8	0
1	5
11	5
0	5
0	5
0	0
0	0
0	0
0	0
0	0
0	0
0	0
0	0
42	0
8	1
0	1
0	0
0	0
0	0
0	0
9	0
0	0
0	0
0	0
23	0
0	0
0	0
7	0
0	0
0	0
0	0
0	0
0	0
0	0
0	5
0	5
0	1
0	1
19	0
0	0
0	0
0	0
57	0
0	8
0	8
0	0
5	0
0	0
0	0
0	0
0	0
0	0
2	265
0	265
91	0
0	0
24	10
0	10
2	1
0	1
0	0
0	0
0	0
0	0
0	0
0	0
3	0
0	54
0	54
0	1
0	1
0	17
0	17
1	0
0	0
0	0
0	0
0	0
0	0
0	0
3	0
160	0
0	0
9	0
0	0
0	0
153	0
0	0
0	0
195	0
427	0
15	0
0	0
0	40
0	40
0	37
0	0
0	0
0	0
0	0
247	0
0	158
0	156
0	132
0	130
0	61
0	61
0	0
0	0
0	0
0	0
0	0
0	0
29	0
58	0
0	0
28	0
0	8
0	8
0	8
19	0
7	0
0	0
0	1
0	1
0	0
0	0
4	0
0	0
3	0
4	0
0	0
0	0
0	0
0	0
0	0
1	2
0	2
103	0
0	0
0	0
0	0
0	0
0	0
0	0
1	0
0	0
0	0
0	0
0	0
0	0
0	0
0	0
0	0
0	0
36	0
0	0
72	19
0	19
40	0
10	0
0	36
0	36
0	35
2	34
0	0
0	0
0	32
0	32
0	32
0	32
0	32
0	32
0	32
0	32
0	32
0	32
1	0
69	0
0	0
7	0
0	0
0	0
0	0
0	0
0	0
0	0
0	0
0	0
7	0
4	0
0	0
1206	0
1	0
1	0
0	0
1	0
10	0
0	0
0	5
0	2
0	4
0	1
0	0
0	0
0	0
0	0
0	0
0	0
0	0
0	0
0	0
15	0
203	0
12	1
0	1
0	1
0	0
0	0
0	0
0	0
0	0
0	0
0	0
0	0
0	0
0	0
0	0
0	0
0	0
0	0
0	0
0	0
0	0
0	0
0	0
0	0
0	0
0	0
0	0
0	0
0	0
0	0
0	0
0	0
0	0
0	0
0	0
0	0
0	0
0	0
0	0
0	0
0	9
0	9
0	9
0	9
0	9
26	0
1	0
0	20
0	20
23	1
0	1
0	0
0	0
0	2
1	2
6	0
1	0
0	19
0	19
0	19
0	19
0	19
29	19
0	19
0	0
0	0
0	0
0	0
0	0
0	0
1	0
0	0
0	0
0	0
0	0
58	0
31	11
3	11
371	0
9	0
1	73
0	73
77	0
67	0
0	0
0	0
77	0
0	0
3	1
0	1
0	0
0	0
0	0
0	11
1	14
0	14
0	12
0	8
0	9
13650	0
629	0
255	0
49	0
0	0
0	12
0	12
0	12
0	12
0	12
111	448
0	448
325	0
39	200
0	200
3	683
0	683
1	0
0	24
0	23
0	24
0	11
2	0
2	0
8	213
0	213
0	213
0	209
0	0
0	0
9	0
165	3
1	3
0	0
0	0
0	0
0	0
771	0
400	0
12	0
0	12
400	12
0	0
3	0
12	0
19	0
0	0
0	0
1	40
5	40
1	6
84	156
0	156
12715	0
0	233
3	232
0	230
0	42
0	214
94	384
1	384
3	384
47	384
709	17
0	17
0	0
0	0
0	0
421	0
333	0
373	0
612	0
0	150
3	150
0	149
0	0
0	0
0	1
0	1
0	1
0	1
0	1
0	1
0	1
0	1
0	0
15	0
0	0
0	34
0	32
0	34
2	0
0	0
0	5
0	5
0	5
30	0
15	0
33	0
0	9
0	9
0	9
1	0
0	0
0	0
0	0
0	0
0	0
0	0
0	0
0	0
1	0
0	0
0	1
0	1
0	1
0	1
0	1
0	1
0	1
0	1
0	0
0	1
0	1
0	2
0	2
0	2
18	0
20	0
0	0
0	0
0	23
0	21
0	23
0	15
30	194
0	194
4	0
77	0
0	0
0	0
0	0
0	0
6	0
25	0
1	0
12	0
0	0
0	0
0	0
0	0
6	0
51	0
495	0
0	0
0	0
0	0
0	158
22	158
0	0
161	0
56	0
3	0
3	0
0	0
0	0
0	0
10	0
0	0
376	0
0	0
0	0
0	0
0	0
0	0
0	0
0	0
0	0
0	0
0	0
0	0
9	4
0	4
2	0
0	59
0	59
0	59
1	0
0	14
0	14
28	0
0	0
0	0
0	13
0	13
0	13
0	13
0	2
6	2
0	10
0	10
343	0
0	16
0	16
0	258
0	258
1	190
0	258
0	258
0	258
0	258
0	258
0	133
0	0
0	0
0	0
0	0
25	0
1	0
0	0
0	72
0	72
0	72
0	77
0	75
0	75
0	82
0	80
0	80
13	0
24	0
0	0
3	0
0	0
0	0
0	0
0	0
0	0
0	0
0	0
0	160
0	160
0	10
0	10
5	1
0	0
17	0
1	0
0	0
0	0
0	0
3	0
0	0
0	0
0	0
0	0
9	0
0	0
0	0
0	0
0	0
0	76
0	76
0	76
0	76
0	11
0	65
0	65
0	0
0	4
0	4
0	4
26	0
0	0
4	0
0	8
0	8
7	0
0	0
0	13
0	13
0	0
0	1
0	0
151	0
0	3
0	0
0	3
0	3
0	10
0	13
0	13
0	10
0	10
0	10
0	10
0	13
0	10
0	13
0	10
0	10
0	10
0	10
0	10
0	0
0	0
0	0
0	0
0	0
0	0
32	0
9	2
26	2
172	0
11	0
0	0
0	0
342	0
36	0
13	0
0	0
0	0
0	0
0	0
0	0
2	0
0	0
0	0
0	0
0	0
0	0
0	0
0	0
0	1
0	1
0	1
1951	0
0	35
0	35
102	0
157	0
62	0
0	0
0	5
0	5
0	5
0	5
4	0
0	17
0	17
0	3
0	3
0	2
0	2
0	0
0	0
0	5
0	5
0	7
0	7
0	0
11	8
0	8
25	0
1	0
0	0
0	0
0	0
38	0
7	0
26	0
1	0
0	1
0	1
0	0
375	22
0	22
10	0
9	0
85	0
374	0
0	26
0	26
0	0
77	0
0	163
0	163
98	0
0	0
56	0
5838	20
0	20
1	0
31	0
20	0
1	0
39	0
40	0
1	59
0	59
0	59
0	59
0	22
3	22
6	22
1	0
18	0
526	0
64	0
0	284
1	284
16	77
23	0
0	0
0	0
0	0
0	0
0	0
0	0
0	0
0	0
0	0
122	0
75	0
39	0
14	0
8	0
34	0
6	0
2	0
0	0
0	0
0	0
0	0
0	0
0	0
0	0
0	0
2	0
0	0
0	0
0	0
0	0
20	0
499	0
154	0
62	0
46	0
0	0
0	0
0	0
0	0
0	0
49	0
0	0
3	0
0	3
0	3
0	2
0	0
0	0
0	0
0	0
0	0
5	0
0	0
87	0
0	1
0	1
0	0
0	0
0	0
0	0
0	0
375	16
0	16
0	16
0	16
0	4
2	4
1	4
0	4
0	0
0	0
0	0
0	0
0	0
0	0
2	0
0	0
0	0
0	0
0	0
0	0
0	0
33	0
0	0
0	0
0	0
0	0
0	0
0	0
1	0
0	0
0	0
0	0
0	0
0	0
0	0
0	0
0	0
0	0
0	0
0	0
0	0
0	0
0	0
0	0
0	0
0	0
0	0
0	0
0	0
0	0
0	0
0	0
0	0
0	0
0	0
0	0
0	0
0	0
0	0
5	0
231	0
49	0
0	0
0	30
7	30
239	15
7	15
0	15
0	15
124	0
0	7
0	7
0	7
1	0
0	0
0	4
0	4
1053	0
0	0
0	25
0	25
0	25
0	9
0	9
18	9
1	12
0	12
22	0
5	0
0	0
0	0
0	0
0	0
0	0
0	0
0	0
0	0
0	0
0	0
0	0
0	0
0	0
0	0
0	0
0	0
0	0
0	0
0	0
0	0
0	0
0	0
0	0
0	0
1	0
1	0
0	13
0	13
0	13
0	13
0	13
0	13
8	0
36	0
4	0
0	0
0	0
0	0
0	0
0	0
0	0
0	0
0	0
0	0
0	0
0	0
0	0
0	0
0	0
0	0
0	0
0	0
0	0
0	0
0	0
0	0
0	0
0	0
0	0
0	0
0	0
0	0
0	0
0	0
0	0
0	0
0	1
0	1
0	1
0	1
0	0
0	0
8	0
0	0
0	0
0	0
0	0
0	0
0	2
0	2
0	2
1	0
1	26
0	26
0	19
19	0
6	0
25	0
29	0
0	42
0	42
0	39
126	2
0	0
1	40
0	40
0	40
0	40
0	40
0	40
0	1
0	1
0	2
0	1
0	2
0	40
0	40
1	0
2	0
1	0
0	0
0	0
0	0
0	0
0	0
0	0
19	0
6	1
0	1
43	0
4	0
0	0
0	0
3	0
0	36
0	36
1	36
0	36
0	36
0	34
0	34
0	3
0	2
0	0
0	0
0	0
0	0
0	0
0	0
0	0
0	0
405	0
26	0
11	0
0	0
0	0
0	0
0	0
0	0
0	0
0	1
0	1
0	1
0	1
0	0
0	0
0	0
0	0
0	0
0	0
0	0
0	0
1	0
0	0
0	0
0	0
0	0
0	0
0	0
0	0
0	0
63	0
0	0
0	0
0	0
0	0
0	0
0	0
0	0
1	0
0	0
1	0
0	0
0	0
84	2
0	35
0	35
0	0
24	0
0	0
0	0
16	0
0	0
0	0
0	0
0	0
0	0
0	0
6	0
0	0
28	0
0	0
0	0
2	0
0	0
0	0
0	0
0	0
0	0
9	0
0	0
0	0
2	0
0	0
0	0
0	0
0	13
0	13
0	0
0	0
0	0
0	0
0	0
0	0
0	0
0	9
0	13
0	13
0	10
0	10
0	15
0	6
11	0
157	0
0	0
0	0
0	7
0	7
2	32
0	32
0	0
4	0
2	2
0	2
0	40
2	40
203	0
0	0
0	0
0	0
0	0
0	18
0	18
0	17
0	0
0	0
0	0
0	0
2	0
22	0
2	44
0	44
0	2
0	2
0	1
0	1
0	1
0	0
0	0
11	0
0	0
13	0
4	0
3	0
0	12
0	12
0	12
0	12
0	10
0	10
3	0
41	0
18	0
14	0
0	0
0	0
0	0
0	0
0	0
3	0
18	0
41	12
0	12
117	0
0	77
0	77
4	0
0	0
0	0
0	0
0	0
7	0
0	0
0	0
5	0
4	26
0	26
0	1
0	1
101	0
1	0
2	0
0	0
0	0
0	0
59	0
87	0
71	0
0	0
0	0
0	0
0	0
0	0
0	8
0	8
146	0
6	0
10	0
106	0
0	0
0	0
0	0
0	0
62	0
0	0
0	0
0	0
0	0
2	53
0	53
1	17
0	17
49	0
6	0
0	0
0	181
0	181
0	2
0	2
0	0
0	12
0	12
0	12
28	0
0	0
0	0
0	0
0	0
0	0
2	1
0	1
0	0
0	0
0	0
2	0
0	0
0	0
0	0
0	0
16	0
284	0
20	0
0	94
0	94
0	0
0	0
0	0
1	0
7	0
8	0
84	0
0	15
0	15
1	0
2	16
0	16
7	0
3	0
0	70
0	70
169	0
67	0
66	0
4	0
0	0
0	0
0	0
23	8
0	8
0	8
5	0
1	0
29	0
0	0
0	0
0	0
60	0
0	0
15	0
45	0
27	0
1	0
5	0
0	0
0	0
179	0
0	0
0	0
0	0
0	0
2	0
0	51
0	51
0	9
0	0
0	0
0	1
0	0
32	0
23	0
1	0
0	0
0	0
66	0
0	16
0	16
96	0
0	1
0	1
0	27
0	25
40	8
0	4
0	4
0	4
0	4
0	2
0	6
0	6
0	4
5	9
0	9
0	67
0	67
0	171
0	171
99	0
0	0
4	1
0	1
1	0
0	0
8	0
1	0
0	0
0	0
0	0
0	162
0	162
0	162
349	0
16	0
0	0
5	0
57	0
20	0
2	0
0	0
0	0
0	0
0	0
3	0
0	36
0	36
1	60
0	60
12	0
5	0
51	0
9	0
0	14
0	14
0	8
1	8
0	8
0	0
379	0
9	16
1	16
0	16
1	21
0	21
0	0
27	0
0	0
47	0
0	56
0	56
0	0
1	0
6	0
11	0
0	0
0	0
0	0
2	0
18	5
0	5
3	0
199	142
1	0
0	142
1	0
0	0
0	0
0	1
0	1
0	1
0	1
0	0
0	0
0	0
0	0
132	0
1904	0
17	0
39	0
0	0
10	0
0	0
0	0
0	0
0	0
0	0
0	71
0	71
0	70
0	70
0	0
0	70
0	70
0	0
0	70
0	70
0	70
0	70
13	0
0	0
0	0
0	0
0	0
0	0
0	0
0	0
0	0
0	13
0	13
32	0
34	0
0	0
14	0
185	0
207	0
4	0
0	126
110	107
0	25
1	0
0	0
0	0
99	0
19	0
2	0
12	0
0	53
0	53
0	53
12	3
0	3
5	0
0	0
0	0
4	0
0	0
1	0
0	2
0	2
145	0
242	0
0	0
0	0
6	0
0	0
0	0
0	6
0	6
0	0
0	4
0	4
61	0
666	0
0	199
0	199
3	0
0	0
0	0
0	0
0	0
0	0
0	0
0	0
2071	0
34	0
0	0
35	7
0	0
0	0
0	0
0	0
0	0
0	0
0	7
0	3
0	3
0	3
0	3
0	3
0	3
0	3
0	3
1	0
92	0
0	30
0	30
0	0
0	0
0	0
0	0
0	0
2	158
2	158
0	0
0	0
2	0
32	0
13	0
3	0
32	0
103	0
0	0
0	4
0	4
0	4
0	0
0	51
1	51
11	0
0	0
0	0
0	0
0	0
171	0
0	0
231	0
0	0
0	158
0	158
90	0
16	0
0	1
0	1
0	1
0	0
0	0
26	0
0	0
8	0
3	0
1	0
6	0
5	0
0	0
0	0
0	0
9	0
3	23
0	23
0	21
0	0
0	23
0	21
2	0
0	0
1	0
4	0
0	32
0	38
0	33
0	39
0	34
0	34
0	39
0	34
0	2
2	0
0	0
0	0
132	0
65	0
28	0
24	0
7	0
0	6
8	6
0	0
0	0
0	0
0	0
0	0
0	0
0	0
0	0
0	0
0	0
0	69
0	10
0	10
0	10
0	10
0	10
0	64
0	5
31	0
0	0
3	0
0	0
0	10
0	10
31	15
0	15
0	0
0	0
0	0
52	0
0	1
0	1
0	1
0	1
0	0
0	0
0	0
0	0
0	1
0	1
0	1
0	1
0	0
0	0
0	0
0	0
0	0
0	0
0	0
0	0
0	0
0	0
0	0
2	0
153	0
0	18
0	19
0	18
0	18
0	17
0	17
0	16
0	23
0	22
0	22
23	0
0	126
1	126
0	126
0	126
0	126
74	0
0	736
0	736
0	29
0	0
0	0
0	0
54	0
0	1
0	1
0	1
0	1
0	1
0	1
1	3
0	3
0	0
0	0
18	0
15	0
161	0
61	0
0	0
3	0
0	0
0	0
0	0
0	0
0	0
18	0
0	0
0	0
0	0
0	0
0	2
6	0
0	2
317	0
0	2
0	0
0	0
0	0
15	0
0	0
17	0
0	0
0	0
0	0
0	0
0	0
0	0
0	0
0	0
0	0
20	0
0	3
0	3
0	3
0	3
123	0
5	1
1	1
0	0
7	0
0	0
0	0
102	0
30	13
0	13
18	0
63	0
4	0
0	0
0	0
0	0
0	0
0	0
0	0
0	0
0	11
0	11
0	11
0	0
0	0
9	0
12	0
8	0
10	0
0	0
1	0
0	0
0	0
0	0
0	0
0	0
0	0
0	0
0	0
0	0
371	0
0	0
122	0
0	0
0	0
2	0
1	0
13	0
10	59
2	59
0	0
0	0
0	0
0	0
0	0
0	0
0	0
0	0
0	0
0	0
1	0
0	0
0	0
0	0
0	0
0	0
0	0
0	0
0	0
0	11
1	11
0	11
0	11
0	11
0	11
155	0
71	0
1	0
4485	0
77	0
65	0
36	0
3527	6
1	6
1	6
5	1
56	0
28	0
5	0
2	0
55	0
0	8
0	8
9	0
0	0
8	0
0	0
0	1
0	1
0	1
0	1
0	0
12	0
0	0
0	0
0	0
0	0
0	0
0	0
0	0
0	0
158	0
25	0
12	0
0	0
44	0
0	0
0	0
0	0
0	0
3	0
49	0
0	0
600	0
2	0
21	0
0	0
0	1
0	1
0	5
0	5
0	1
0	8
0	8
0	8
2	0
0	0
0	0
0	0
0	0
4	0
9	0
0	43
0	280
0	278
1	0
0	0
0	0
23	0
0	4
1	4
0	272
0	325
0	301
0	324
0	322
0	321
0	267
34	0
7	0
20	0
8	2
0	2
6	0
3	0
0	19
0	19
0	19
0	21
0	21
0	21
10	0
56	0
20	0
0	19
0	19
29	0
0	0
0	0
0	5
0	5
0	0
0	0
0	0
0	0
0	0
0	0
0	0
0	18
0	18
46	0
21	0
0	1
0	1
3	0
1	386
0	386
1	22
0	22
0	22
0	22
0	22
0	22
0	28
0	28
0	0
0	0
0	0
0	0
0	1
0	1
0	5
0	5
0	5
0	5
0	5
0	5
0	0
20	2
0	2
335	0
161	0
11	0
3	0
15	0
1	56
0	56
0	9
0	9
0	0
8	0
0	0
0	0
0	13
0	13
0	7
1	0
12	0
13	0
0	11
0	11
0	11
2	0
0	0
0	0
18	0
0	0
0	0
57	0
2	0
0	0
0	24
0	24
0	24
0	24
0	24
0	24
0	23
0	0
0	0
22	0
0	1
0	1
3	0
1	0
2	0
0	0
0	0
0	0
0	0
0	0
0	0
0	0
0	0
0	0
0	0
0	0
0	0
0	0
0	0
0	0
0	0
0	0
0	0
0	0
0	0
0	0
0	0
0	0
0	0
0	0
0	0
0	0
0	0
1	0
0	0
8	0
0	0
1	0
0	0
0	0
0	0
0	0
0	0
0	0
0	0
0	0
0	0
0	0
0	0
0	0
0	0
0	0
0	0
0	0
20	0
1	0
0	0
0	27
0	27
0	0
5	0
0	0
0	0
0	0
2	0
28	0
0	0
4	0
0	0
0	0
0	0
0	0
0	0
0	0
0	0
0	0
0	0
0	0
0	0
0	0
0	0
0	0
0	0
0	0
0	0
0	0
18	0
1	0
8	0
0	5
0	5
56	0
0	8
0	8
5	0
250	0
188	0
7	0
86	0
10	0
151	0
126	0
144	0
0	0
0	0
0	0
116	0
0	0
2	0
0	0
5	0
40	0
70	0
12	0
0	1
0	1
0	1
0	1
0	0
0	0
0	0
0	0
0	0
0	0
0	0
18	0
1	0
104	0
1	0
0	0
0	0
0	0
0	0
0	0
0	0
0	0
0	0
0	0
0	0
0	0
1	0
37	0
0	0
0	2
0	2
20	0
59	0
0	0
0	0
0	0
0	6
0	0
0	0
0	6
0	0
0	286
0	286
44	0
9	0
0	42
0	42
0	0
0	0
0	0
0	0
0	0
0	0
0	13
0	13
0	0
0	0
0	0
0	55
0	55
19	0
0	0
0	0
0	3
0	3
0	3
29	0
28	0
0	1
0	1
0	0
0	1
0	1
0	1
0	0
52	0
181	0
0	0
0	74
0	74
7	33
0	85
0	85
12	0
0	0
0	70
0	76
0	75
0	76
0	65
0	138
0	144
8	0
0	0
19	0
0	0
0	0
15	3
0	3
0	0
0	0
0	0
1	0
0	0
0	0
31	0
30	0
0	0
0	0
0	0
0	0
0	0
23	0
0	0
0	0
0	0
0	0
0	0
0	0
0	0
3	0
0	0
0	0
0	0
16	0
12	0
0	29
0	29
3	0
0	0
0	0
0	0
0	0
0	0
0	0
0	0
0	0
0	28
0	0
2	30
0	30
1	0
0	0
0	0
0	0
0	0
117	0
0	0
0	0
0	0
0	0
0	0
0	0
0	0
0	0
104	0
17	0
95	0
1	0
0	0
0	0
24	0
26	0
0	0
0	0
1	0
0	0
0	0
0	2
0	2
0	2
0	1
0	0
0	0
0	0
0	0
0	0
0	0
0	0
0	0
0	0
0	0
0	0
1	115
0	117
0	34
414	112
24	0
0	0
7	0
0	40
0	40
0	11
0	10
0	10
0	0
0	0
0	0
26	0
15	0
2	8
0	8
0	0
0	3
0	3
0	3
0	3
0	3
0	0
0	0
0	0
0	0
0	0
0	0
2	0
161	0
0	0
0	0
0	0
0	0
2	0
4	0
0	0
0	0
0	0
2	0
0	0
0	0
1	0
0	0
43	0
104	0
184	0
0	0
0	0
0	0
0	0
1	0
7	0
1	0
0	0
0	0
0	0
0	0
0	0
1	0
9	0
33	0
31	0
78	0
0	132
0	132
2	132
0	131
4	0
14	0
91	0
0	0
0	0
0	0
0	0
0	0
0	0
0	0
0	0
0	0
0	0
0	0
0	0
0	0
0	6
0	6
0	6
6	0
38	0
40	0
0	0
0	0
0	0
0	0
0	0
0	0
0	0
0	0
0	0
0	0
0	0
0	0
0	0
0	0
1	0
0	0
0	0
0	0
0	0
0	1
0	1
0	0
9	0
0	0
0	0
0	0
0	0
2	59
0	59
0	2
0	2
1	0
165	0
3	0
0	0
0	0
11	0
0	2
0	2
95	0
4	0
12	1
1	0
0	0
7	3
0	3
0	0
0	0
37	0
101	0
87	0
0	0
0	0
0	0
0	0
0	0
0	0
0	0
0	0
0	0
5	0
0	0
26	0
207	0
94	0
0	0
0	0
0	0
0	0
0	0
0	0
0	0
0	4
0	4
319	0
0	0
1	0
102	0
3	0
0	32
0	32
2	0
706	0
17	5
0	5
14	0
0	2
0	2
44	0
0	14
0	15
0	14
0	1
0	1
1	0
0	9
0	10
0	10
0	0
0	0
0	0
0	9
0	11
0	9
0	9
0	7
0	5
0	5
0	5
0	0
0	0
54	0
8	0
105	0
10	0
418	0
48	0
2	0
90	0
271	0
0	0
1933	61
0	61
6	0
3	0
0	0
1	0
0	0
0	0
2	0
0	0
0	0
10	0
2	0
0	0
0	14
0	14
0	15
0	9
0	15
0	15
0	11
0	16
0	16
0	11
0	9
52	9
0	1
0	0
0	0
1	0
0	1
0	1
0	0
25	0
5	0
12	0
5	0
18	0
5	0
0	0
1	0
34	0
2	4
0	4
2	128
0	128
1	68
0	68
0	0
15	0
16	0
0	0
0	0
0	0
0	15
0	15
8	10
28	0
416	0
0	0
0	0
0	0
51	0
217	0
1	65
0	65
49	0
0	38
4	90
0	32
0	36
0	16
0	14
0	14
0	51
0	5
11	79
0	79
0	0
0	170
0	174
0	190
7	5
0	5
0	0
0	0
0	0
1	0
0	162
0	162
5	0
0	65
0	65
90	0
1221	0
16	0
10	0
38	0
2	0
68	0
24	0
31	0
32	0
1	0
1	0
0	1
0	1
12	0
14	0
23	0
0	0
0	3
0	3
0	3
0	0
2	0
76	0
0	0
0	0
0	0
0	0
0	0
0	0
0	0
0	0
0	0
0	0
0	0
0	0
0	14
0	14
0	0
0	0
0	0
0	0
0	0
0	0
0	0
0	0
0	0
0	0
0	0
0	0
1	0
0	0
0	0
2	0
0	0
66	0
0	0
0	0
0	0
0	0
0	0
0	0
5	0
0	0
0	0
0	0
0	0
0	0
0	0
0	0
0	0
0	0
23	0
0	0
223	0
91	0
0	73
0	73
0	72
0	72
0	72
0	72
0	9
0	9
11	9
0	0
4	0
0	0
0	0
0	0
0	0
29	0
115	0
6	0
2	0
9	0
0	0
14	0
0	0
0	0
0	0
0	0
3	0
0	0
0	0
0	0
0	0
0	0
0	0
0	0
0	0
0	0
0	0
0	0
0	0
50	0
2	25
0	25
0	25
0	21
0	6
0	2
0	6
0	6
0	0
0	0
1	0
56	0
30	0
1	0
0	39
5	39
25	0
0	6
0	6
0	6
0	6
0	6
0	3
0	0
0	0
0	2
0	2
0	2
0	0
2	59
1	59
1	0
76	0
0	78
0	78
0	78
0	78
0	0
0	10
0	7
0	7
0	10
0	12
0	11
0	9
0	8
0	0
0	0
0	10
0	10
0	0
42	0
1	0
0	0
0	0
0	0
0	0
0	0
0	0
0	0
0	0
0	0
0	0
113	0
0	0
6	0
1	0
250	0
0	0
0	0
3	0
3	0
0	0
27	0
59	12
1	16
0	16
0	16
0	12
0	11
0	9
0	12
0	12
1	11
0	11
0	8
0	8
0	0
4	0
0	0
0	0
0	0
0	0
81	0
11	0
0	0
0	0
24	0
0	0
553	0
0	0
0	0
0	0
0	0
0	0
0	4
0	4
0	2
0	2
0	0
3	0
33	0
0	0
101	0
0	6
0	6
0	6
80	0
3	0
0	10
0	10
0	0
1	0
290	0
8	44
0	44
0	0
0	0
215	0
96	0
3	0
0	0
0	0
3	0
0	0
0	0
0	0
0	0
0	0
0	0
0	0
0	0
0	0
0	0
0	0
0	0
0	0
128	0
0	0
0	0
0	0
0	0
0	0
0	0
130	0
3	0
0	0
0	0
1	0
0	3
0	3
0	4
0	4
0	4
0	4
0	4
7	0
64	0
77	0
989	0
20	0
5	0
0	0
0	0
0	0
0	0
0	0
0	0
0	0
0	0
0	0
0	0
0	0
0	0
0	0
0	0
0	0
0	0
0	0
0	0
0	0
1	1
0	1
25	0
0	0
0	0
6	0
4	0
29	0
55	0
0	0
0	0
77	0
0	0
0	0
0	0
0	0
0	0
25	0
0	3
0	3
0	3
18	0
11	0
55	0
6	0
0	0
225	0
122	0
0	7
0	7
66	0
1	0
87	0
0	7
0	7
0	6
0	6
0	6
0	6
0	0
0	0
0	0
0	0
0	0
0	0
0	0
0	0
1	0
0	0
0	0
0	0
0	0
0	0
0	0
0	0
0	0
0	1
2	1
18	0
1	0
32	0
0	1
0	1
25	24
0	24
0	23
0	0
0	0
0	0
0	0
0	0
0	0
0	0
26	0
0	1
5	1
0	1
90	0
14	2
0	2
0	3
0	3
0	0
0	0
0	0
0	0
0	0
0	0
0	0
0	0
0	0
0	0
24	0
10	0
0	0
0	0
0	0
0	0
0	0
0	0
0	0
0	0
0	0
0	0
0	0
0	0
0	0
0	0
4	0
0	0
0	0
0	0
175	0
5	25
0	23
0	25
242	0
0	0
0	0
0	0
0	0
0	0
1	0
0	0
0	0
0	0
1	0
0	0
0	0
0	0
0	0
0	0
0	0
0	0
0	0
0	96
0	97
0	97
0	0
0	0
16	10
2	10
0	617
0	617
2	0
9	0
4	0
3	0
0	8
0	8
0	8
0	8
0	8
110	0
0	0
0	0
0	0
0	0
0	0
0	1
0	1
0	1
0	1
0	1
0	1
0	0
24	0
1	0
27	0
76	0
0	0
19	0
18	0
0	0
0	0
0	0
0	0
0	0
0	0
0	0
0	0
0	0
0	0
0	0
0	0
0	0
0	0
0	0
0	0
1	2
0	2
0	2
0	2
0	2
0	2
0	2
1	0
10	0
0	0
9	0
0	0
0	9
0	9
0	9
0	1
0	0
0	0
2	0
46	0
123	0
11	0
0	61
0	61
0	61
0	93
0	93
0	43
0	10
0	42
0	42
7	0
0	40
0	40
44	0
187	0
8	0
0	0
28	6
0	6
0	0
0	0
0	0
33	0
48	0
36	0
185	0
42	0
35	0
0	0
14	0
11	82
4	82
3	82
3	76
4	0
19	0
46	0
0	0
0	0
0	0
0	0
1	0
40	0
0	0
10	0
9	0
0	0
0	0
64	0
0	0
1	0
4	0
36	0
0	0
0	0
0	0
0	0
0	0
0	0
0	0
0	0
0	115
0	195
0	196
59	0
0	0
0	0
0	0
0	30
0	30
174	0
6	0
0	0
10	0
0	21
0	21
0	0
3	0
0	1
0	1
0	1
0	1
0	1
0	0
0	0
0	0
0	0
0	0
0	0
0	0
0	1
0	1
0	1
0	1
0	1
0	0
0	0
0	0
0	0
0	0
103	0
0	0
14	0
6	0
0	0
0	0
0	0
0	0
0	0
18	0
27	0
111	0
22	0
0	0
150	0
0	0
0	0
0	0
143	0
0	0
0	0
0	0
0	0
0	0
0	0
0	0
0	0
0	0
2	0
0	0
0	0
2	0
1	13
0	13
1	0
0	0
0	0
0	32
1	32
0	0
0	0
0	0
0	0
0	0
0	0
1	0
0	0
0	0
2	0
18	0
0	0
0	0
6	1
0	1
1	0
0	2
0	2
0	2
0	2
0	0
0	0
0	0
0	0
19	0
21	0
12	0
0	0
0	0
0	0
0	0
0	0
36	0
1	0
66	0
123	0
18	0
28	0
11	0
0	0
0	0
0	0
85	0
319	0
6	0
1	0
103	0
0	0
0	0
1	0
0	53
0	53
0	0
0	0
11	0
58	0
0	0
0	0
0	14
0	14
0	0
0	0
0	66
0	66
0	0
0	0
32	0
0	0
0	0
0	0
0	0
0	0
0	0
0	0
0	0
53	0
0	0
125	0
0	0
0	0
0	0
0	0
0	0
0	0
0	0
0	61
0	0
0	61
0	0
0	0
0	0
0	0
0	0
0	49
0	39
0	0
0	49
0	49
0	47
0	47
0	49
0	15
0	0
0	8
0	8
0	8
0	8
0	0
0	0
0	0
2	0
2	0
1	0
1	0
0	0
0	0
0	0
0	0
0	0
263	0
99	0
287	0
0	0
0	0
0	0
0	0
0	0
0	0
0	0
0	0
0	0
0	0
0	0
0	0
0	0
0	0
0	0
0	0
0	0
0	0
0	0
0	0
0	0
0	0
0	0
0	0
0	0
0	0
0	0
0	0
0	0
0	0
0	0
0	0
0	0
0	0
0	0
6	0
14	0
7	0
3	3
0	3
0	2
14	0
46	0
0	33
0	33
0	0
0	8
0	8
1	8
5	8
906	0
0	7
0	7
0	5
0	5
0	0
0	0
0	0
0	0
0	0
0	0
0	0
0	0
0	0
0	0
0	0
0	3
0	3
0	0
10	0
1	0
0	0
0	0
0	0
0	0
0	0
0	1
0	1
12	0
4	0
8	0
11	0
27	0
5	0
0	0
0	0
0	0
0	0
0	151
0	151
20	0
0	0
0	0
0	0
0	0
0	0
2	0
0	0
0	0
0	0
0	0
0	115
0	115
0	57
0	111
0	111
0	57
0	0
0	0
4	6
0	6
0	6
0	6
0	6
0	6
0	6
0	1
3	0
0	0
27	0
0	0
2	0
0	0
0	0
0	0
0	0
0	0
0	0
0	0
0	0
0	0
0	0
0	0
0	0
0	0
0	0
0	0
0	0
0	0
0	1
0	1
0	1
0	1
0	1
0	1
0	1
0	2
0	2
0	2
0	0
7	0
60	0
1	4
1	0
0	4
0	0
0	63
0	63
15	0
1	0
182	0
22	0
4	0
0	12
0	12
177	0
1	45
0	45
0	11
0	11
0	10
0	10
0	10
0	11
0	0
0	0
3	0
2	25
0	25
3	0
0	0
0	0
0	0
2	0
0	0
0	0
0	0
0	0
1	0
0	0
0	0
0	0
0	0
0	0
0	0
44	0
0	0
0	0
0	0
0	0
0	0
0	0
0	0
0	33
0	34
0	34
0	22
0	18
0	18
0	18
9	0
0	0
0	33
0	34
0	33
0	22
0	18
0	18
0	33
0	34
0	34
0	18
0	18
18	0
8	0
1	0
0	0
10537	0
50	0
5	0
33	0
0	1
0	1
0	0
0	0
6837	0
0	0
0	0
0	0
0	0
0	0
0	0
0	0
0	0
0	0
0	0
0	0
0	0
0	0
0	5
6	5
21	4
0	4
0	4
1	4
6	4
0	2
0	0
0	0
0	0
0	0
0	0
0	0
0	0
0	0
2	0
0	0
0	0
4	61
0	61
0	0
0	0
0	0
0	0
0	0
0	0
0	0
0	0
0	0
0	0
0	0
0	0
3	0
13	8
15	8
3	8
1	0
0	0
0	0
0	0
7	0
5	0
3	0
31	0
15	0
381	0
58	0
10	2
0	2
93	0
0	0
0	12
0	12
24	0
6	4
0	4
0	0
0	127
0	0
0	0
3	0
2	127
0	125
1	125
1	122
0	122
43	0
74	0
3	0
81	0
0	45
0	45
0	45
0	0
0	0
0	0
0	0
109	0
21	0
47	0
1	0
0	0
0	0
0	0
0	12
0	12
0	12
0	12
0	6
11	6
1	6
13	6
9	6
27	6
0	19
0	13
0	33
0	27
0	7
0	1
1	19
0	13
1	16
0	9
0	24
0	18
0	55
0	49
1	16
0	10
0	13
0	7
0	7
0	1
0	6
0	6
0	0
0	26
0	20
0	72
0	66
0	20
0	14
0	6
0	0
0	11
0	5
0	16
0	10
1	62
0	56
0	8
0	2
0	7
0	1
7	7
0	6
0	0
0	7
0	1
0	6
0	0
0	0
0	0
0	0
0	0
0	0
0	0
0	0
0	0
0	0
0	0
20	0
0	0
0	5
0	5
8	3
0	3
0	3
0	0
0	0
0	0
14	0
0	22
0	22
57	0
0	0
109	0
0	0
0	0
1	0
0	0
0	0
3	0
0	0
1	0
2	0
8	0
0	0
0	0
0	0
0	0
0	0
0	0
75	0
0	0
0	0
0	0
0	0
0	0
0	0
0	0
0	0
0	0
0	0
0	0
0	0
7	0
18	0
0	0
0	0
0	0
0	0
0	0
0	0
0	0
0	0
0	0
0	0
1	0
0	18
0	18
0	0
0	0
0	0
0	0
0	0
0	0
0	0
0	0
3	0
2	0
0	0
0	0
0	0
0	0
0	2
0	2
0	2
0	0
3	0
0	22
0	22
53	0
78	0
149	0
115	0
0	0
56	0
0	0
1	0
205	0
0	13
2	13
0	13
0	1
0	1
0	0
10	0
12	0
0	0
0	0
0	0
0	0
0	14
0	14
0	14
0	14
0	15
0	17
0	17
0	17
0	15
0	1
0	0
1	0
0	0
0	0
0	0
0	0
0	0
0	0
0	0
0	0
0	0
0	0
73	0
20	51
0	51
0	0
80	0
45	0
31	0
0	21
0	21
6	0
12	0
8	0
4	0
0	13
0	13
0	13
0	0
0	0
0	0
0	0
0	0
0	0
0	0
34	0
0	20
4	20
2542	0
14	0
3	0
0	0
0	0
455	0
0	0
9	2
0	2
165	0
0	0
30	0
3	0
5	0
0	6
0	6
0	6
0	6
0	0
115	0
3	0
83	0
2	0
0	0
0	0
0	0
0	0
0	0
1	0
6	0
0	0
0	0
2	10
0	10
5	0
0	0
0	0
108	0
73	0
13	0
200	0
0	0
0	54
0	54
0	54
0	53
0	53
21	0
0	0
6	2
0	2
0	0
37	0
0	3
1	3
0	3
0	3
0	3
0	1
0	0
0	0
0	0
0	0
38	0
1	0
0	6
0	6
59	0
0	0
0	0
0	0
0	0
0	0
0	0
0	0
0	104
0	104
0	104
0	104
32	0
7	0
2	1
0	1
0	0
24	0
22	0
1	0
9	0
36	0
0	0
0	0
0	5
0	5
0	0
0	0
2	0
0	0
0	0
0	0
0	0
0	0
0	0
6	0
0	25
0	25
0	24
1	24
0	24
0	0
0	0
0	0
0	0
0	0
2	0
0	0
0	0
0	0
0	0
0	0
0	0
0	0
0	1
0	1
0	0
0	0
0	0
3	0
0	0
0	0
6	0
0	3
0	3
0	3
0	0
7	0
0	2
0	2
43	0
2	0
0	0
0	0
29	0
0	0
0	0
6	0
0	0
1	0
0	2
0	2
29	0
16	0
0	0
0	5
0	5
0	5
0	5
0	0
0	0
0	0
0	0
0	0
0	0
0	0
0	0
0	22
0	16
0	22
0	16
0	4
0	4
0	4
0	0
0	0
0	0
0	15
0	15
0	15
0	15
2	205
0	205
6	0
0	5
0	5
1	9
0	9
0	9
0	6
2	0
0	0
0	0
0	0
0	9
0	9
0	8
0	8
40	0
179	0
107	0
5571	0
0	3
0	3
0	0
0	0
0	0
0	0
0	0
0	0
0	0
0	0
0	0
0	0
0	0
0	0
0	0
0	0
1	0
0	0
0	0
0	0
0	0
0	0
0	0
0	0
0	0
0	0
0	0
0	0
0	0
0	0
0	0
0	0
0	0
0	0
0	0
0	0
35	0
14	16
0	16
0	16
0	0
42	0
30	0
54	0
2	0
0	0
0	0
3	0
0	341
2	341
1	0
0	0
3	0
0	0
0	0
0	0
0	0
0	0
0	0
0	0
0	0
1	0
155	0
8	0
0	3
0	3
175	0
8	0
0	13
0	13
81	0
8	0
0	9
0	9
0	9
10	0
3	47
0	47
11	0
15	0
38	1
1	1
0	17
0	17
4	8
0	7
1	8
58	0
0	0
0	0
0	0
8	0
31	0
1	0
0	2
0	2
0	2
0	2
0	2
0	2
0	0
22	0
1	7
0	7
3	0
2	0
17	0
354	0
37	0
3	0
4	0
0	0
0	1
0	0
0	1
0	0
0	42
0	42
0	2
2	2
0	2
0	2
0	2
0	2
0	2
0	2
0	2
0	0
1	0
1	0
0	1
0	0
0	1
0	0
15	0
5	0
0	0
77	0
0	22
0	27
0	26
77	0
0	9
0	9
0	9
0	1
0	1
0	1
0	1
0	4
0	4
208	0
8	0
10	0
17	0
0	0
176	0
51	39
0	39
0	8
1	8
0	1
1	1
0	0
37	26
0	26
35	0
0	0
0	0
0	0
59	0
25	0
4	0
31	0
37	0
1	0
20	0
24	0
0	1
0	1
0	1
0	0
30	0
280	0
0	11
0	11
3	0
0	0
0	0
0	0
0	0
104	0
223	0
67	0
10	0
0	0
0	0
0	0
0	0
1	0
0	26
0	26
0	25
0	4
0	4
2	0
0	0
41	0
1	305
0	305
0	305
0	304
0	304
61	0
0	31
0	31
0	31
5	24
6	0
2	0
0	0
0	0
0	0
0	1
50	1
1	0
0	6
0	6
0	6
0	6
43	0
23	0
271	0
57	0
3	0
0	0
0	9
0	9
0	9
0	9
0	9
0	14
0	14
0	14
0	14
12	0
14	0
0	0
0	0
0	0
0	0
0	0
0	0
0	0
0	0
0	0
0	0
0	0
0	0
0	0
0	0
0	0
0	0
0	0
0	0
0	0
0	0
0	0
0	0
0	0
0	0
0	0
0	0
0	0
288	0
0	0
0	0
11	0
12	0
25	0
91	0
0	0
0	0
0	0
0	0
0	0
0	0
160	0
0	75
0	75
0	71
0	71
27	0
2	0
1	0
0	0
0	51
0	51
0	54
0	51
0	54
0	50
7	18
1	18
0	17
0	0
13	9
0	9
36	0
24	0
0	4
0	4
0	4
0	4
0	4
0	4
0	4
0	4
0	4
0	5
0	5
0	4
0	4
0	5
0	5
0	4
0	5
0	5
0	5
0	5
0	4
0	5
0	4
0	0
0	0
0	0
0	0
123	0
64	0
1	0
1	0
8	0
0	0
0	0
0	1
0	1
3	0
0	0
0	0
0	0
4	0
49	0
2	0
0	0
0	0
49	0
195	0
33	11
0	11
0	11
0	0
1	0
1	0
11	15
0	15
0	1
0	1
0	0
8	0
162	0
0	4
0	4
0	4
2	0
0	0
0	0
0	0
0	0
0	0
0	0
0	0
0	0
0	1
0	1
5	0
0	3
0	3
86	0
71	0
14	0
3	0
0	0
0	0
0	0
0	0
28	0
32	0
0	9
0	9
0	3
69	0
9	0
7	0
48	0
0	15
0	15
0	15
0	15
0	8
0	0
0	8
0	0
0	0
1	0
189	0
343	0
8	0
5	0
0	117
0	117
0	117
0	0
68	0
1	0
0	0
0	0
0	0
0	95
0	4
0	95
6	3
0	3
25	0
6	0
0	24
0	24
0	24
0	12
0	12
30	0
85	0
77	0
0	22
0	22
0	22
4	0
158	0
0	0
0	0
21	9
0	9
9	0
0	0
0	0
2	0
59	0
66	0
1	335
0	335
78	0
0	0
320	0
0	0
0	0
0	0
0	0
0	0
0	0
0	0
0	0
0	0
27	0
0	0
0	0
2	0
0	0
0	0
0	0
0	0
3	0
0	0
0	0
1	0
1571	0
21	0
0	266
0	266
0	0
0	0
5	0
208	0
95	0
64	0
2	0
0	0
6	0
8	0
6	0
5	0
0	0
0	0
0	0
0	0
7	0
0	2
0	2
0	0
6	0
3	0
1	0
1	0
0	0
0	0
0	0
0	0
0	0
1	0
0	0
5	0
4	0
0	0
28	0
0	0
1	0
0	20
0	20
0	197
0	197
0	10
0	0
0	0
0	0
1	7
0	0
4	0
16	0
64	0
27	24
0	24
3	0
4	0
0	0
0	0
34	0
0	0
3	0
0	0
0	1
0	1
0	1
0	0
0	0
0	0
0	0
0	0
0	1
0	1
0	6
0	6
0	0
0	0
0	0
0	0
24	0
26	0
0	0
0	0
63	0
1	0
0	12
0	12
1	0
34	0
0	63
62	63
0	63
3236	0
13	0
0	21
0	25
0	25
0	23
0	23
0	22
0	20
0	20
0	10
0	3
0	3
0	3
0	3
0	3
0	3
0	2
0	2
0	2
0	0
0	0
0	0
0	0
0	0
0	0
0	0
0	0
0	0
0	0
0	0
0	0
0	0
0	0
0	0
0	0
4	0
1	0
0	0
0	0
29	0
89	0
0	0
0	0
0	0
0	0
0	204
0	204
0	2
0	2
0	2
0	2
10	0
0	1
0	1
0	0
0	0
0	0
2	0
3	0
0	0
12	0
0	0
0	0
0	0
0	0
0	0
0	0
0	0
3	1
0	1
0	1
0	1
0	1
0	0
0	0
0	0
2	0
0	0
0	0
0	0
1	0
0	0
0	0
0	0
0	0
0	0
0	113
0	113
0	110
0	113
0	113
0	110
2	12
0	12
2	0
20	0
61	0
156	0
189	0
8	0
689	0
139	0
0	0
0	0
0	0
0	0
0	0
0	0
0	0
0	0
0	0
2	0
104	0
0	0
0	0
3	0
396	59
0	59
0	58
0	0
0	0
0	0
0	0
0	0
0	0
10	0
16	0
0	0
0	0
0	0
3	0
0	0
0	0
0	0
0	0
0	0
10	0
11	0
0	5
0	13
0	13
0	13
0	10
0	13
0	10
0	7
0	7
0	7
0	7
0	1
0	1
0	0
0	0
2	0
0	13
0	0
0	0
0	0
0	0
0	0
0	0
0	0
0	0
0	0
0	0
0	0
0	0
0	0
0	0
0	0
0	0
0	0
0	0
0	8
0	8
0	8
1	0
0	0
2	0
0	0
0	0
0	0
0	0
0	0
1	1
0	1
0	0
0	0
0	0
0	0
10	0
51	0
21	0
19	0
0	0
0	0
0	0
0	0
0	0
13	0
0	0
2	1
0	1
0	2
0	2
0	2
0	2
18	0
0	0
0	0
0	0
0	2
0	2
0	0
0	0
0	6
0	6
0	0
0	0
0	0
0	36
0	36
2	0
0	0
0	0
1	0
14	0
12	0
0	0
0	0
0	0
0	0
0	0
0	0
0	0
0	0
0	0
0	0
0	0
0	0
0	0
0	0
0	0
0	0
0	0
0	0
0	0
0	0
0	0
0	0
0	0
0	0
0	0
0	0
0	0
0	0
0	0
0	0
2	0
27	0
0	23
0	23
172	0
6	0
0	0
0	0
0	6
0	6
0	0
0	0
1	0
0	1
0	1
0	0
6	0
30	0
8	0
0	0
4	0
0	0
0	1
0	1
0	0
0	0
0	0
0	0
0	0
0	0
19	0
0	0
0	0
0	0
0	0
8	0
0	2
0	2
0	2
0	153
0	153
0	153
0	153
0	1
1	0
0	0
0	0
34	0
0	0
2	0
26	0
19	0
14	0
2	0
4	0
0	0
0	0
0	0
0	0
0	0
0	0
0	0
0	0
0	0
0	0
0	0
0	0
0	0
0	0
1	0
0	0
0	0
0	0
0	0
0	0
0	0
0	0
2	20
13	20
1	0
32	106
0	106
1	0
0	0
5	0
0	0
0	0
0	0
29	0
5	0
14	0
0	0
0	0
0	0
0	0
0	0
0	0
0	0
0	0
0	0
0	0
0	0
0	0
3	0
0	2
0	2
0	0
0	0
0	0
0	0
0	0
44	0
0	0
3	0
0	0
0	0
0	0
0	0
1	0
4	0
11	0
1	0
0	7
1	7
0	7
0	0
141	0
0	1
0	1
0	0
0	0
0	0
0	0
0	0
7	0
177	0
16	0
74	0
51	0
1842	0
1	5
6	0
0	5
0	5
0	16
0	16
0	50
4	50
0	28
0	0
121	0
8	69
0	69
0	0
68	0
49	0
0	0
71	0
0	21
0	21
0	0
0	0
0	0
0	0
0	0
0	0
0	0
0	0
0	0
0	0
0	0
0	0
0	0
0	0
0	0
0	0
0	0
14	61
0	61
0	39
7	0
66	34
0	34
0	0
0	0
0	0
0	0
0	0
0	0
0	0
0	0
0	9
0	9
0	9
0	9
17	0
0	0
0	0
0	0
158	0
0	3
0	3
0	2
0	2
10	0
6	0
0	0
0	0
0	0
0	0
0	0
0	0
0	0
0	0
0	0
0	0
0	0
4	0
0	0
0	0
0	0
0	0
0	0
0	0
0	0
0	0
13	0
0	152
3	148
0	152
16	0
0	46
0	46
0	2
0	2
3	2
0	2
1	0
0	0
0	0
2	0
0	0
0	0
0	0
0	0
0	0
1	0
0	0
0	0
1	2
0	2
0	2
0	2
0	2
0	4
0	3
0	3
0	2
0	2
0	2
0	0
0	0
3	0
0	0
0	0
1	0
0	0
1	0
33	0
92	0
0	0
0	0
0	0
73	0
0	0
1	0
0	0
6	0
4	0
3	9
0	9
0	9
4	0
7	0
102	0
1	0
0	15
0	15
2	0
5	0
0	8
0	8
0	14
0	14
0	9
10	0
0	5
0	5
2	0
7	0
52	0
74	0
23	0
51	1168
0	1168
100	0
0	0
0	0
0	0
0	0
0	0
0	0
416	0
42	0
0	0
1234	0
34	0
38	0
0	0
14	0
0	0
0	0
16	0
4	0
0	0
0	0
0	0
4	466
0	466
0	0
0	4
0	4
0	4
0	4
0	4
1	0
19	0
35	0
14	0
0	0
0	2
0	2
0	1
0	1
0	0
0	0
0	0
0	0
2	0
10	90
30	90
12	90
0	85
0	0
0	0
0	0
7	0
0	0
0	0
0	0
0	0
0	0
0	0
0	0
0	0
0	0
14	0
3	0
16	0
10	0
0	0
0	0
0	0
2	30
0	30
0	0
0	0
3	0
0	0
0	0
0	0
0	0
124	0
63	0
26	0
2	0
0	0
13	0
100	0
6	3
1	3
0	3
6	3
0	3
0	0
0	0
53	0
172	0
2	0
0	0
0	0
0	0
0	0
0	0
0	0
11	0
9	0
0	0
18	0
32	0
40	0
6	0
14	0
0	0
0	0
0	0
0	0
0	0
0	0
0	0
0	0
0	0
2	0
28	15
0	15
0	15
6	54
0	54
0	2
0	2
9199	0
32	0
0	9
0	9
0	9
0	0
0	0
0	0
0	0
0	0
0	0
0	0
0	0
0	1
0	1
0	0
0	0
0	0
0	36
6	36
0	0
0	0
0	0
8	0
0	0
12	0
148	0
7	0
0	0
0	0
0	0
0	0
0	0
0	1
0	1
0	1
0	1
46	0
107	0
2	0
0	0
0	0
0	0
1359	0
417	0
4	0
24	0
0	0
0	0
0	0
0	0
0	0
0	0
0	0
0	0
0	0
1	0
0	0
1	0
0	21
0	21
27	0
0	0
27	0
54	10144
0	10144
7	0
0	0
3	0
0	4
0	4
0	0
1	0
330	0
0	81
0	7
0	76
0	73
0	0
0	0
0	0
0	0
0	0
0	81
0	81
0	0
0	0
0	0
0	0
0	0
0	0
0	0
0	0
52	0
2	0
0	0
38	0
20	0
3	0
0	0
3609	0
0	0
0	0
0	0
0	0
0	0
0	0
0	0
0	0
0	0
0	0
0	0
1	0
0	0
0	22
0	22
0	0
0	0
0	0
0	11
0	21
0	21
0	11
0	0
0	97
0	97
0	0
0	0
27	0
66	0
57	0
1	0
0	0
0	0
0	0
0	0
1	4
0	3
0	3
0	3
0	4
1	0
0	0
9	0
0	0
2	1
0	2
0	0
0	0
0	0
0	0
0	0
0	0
0	0
0	0
0	0
0	0
0	0
0	0
0	0
0	0
0	0
0	0
0	1
0	1
0	1
0	3
0	3
0	8
0	3
0	7
0	3
0	3
0	8
0	8
0	7
0	0
0	8
0	8
0	0
0	0
0	0
0	0
0	55
0	55
0	55
0	55
0	53
0	53
0	53
0	53
0	53
0	0
0	0
0	0
0	0
0	0
0	0
0	0
0	0
1	0
82	0
0	0
0	1
0	1
0	0
0	0
0	1
0	1
0	0
0	0
0	0
0	0
0	0
4	0
0	4
2	4
1	2
0	2
1	2
7	0
41	0
0	3
0	3
0	3
0	3
0	3
0	3
0	1
0	1
0	0
0	0
0	0
0	0
0	0
0	0
0	0
2	0
0	31
0	31
0	0
0	0
0	0
0	0
0	0
0	0
0	0
0	0
0	0
0	0
0	0
0	0
0	0
0	0
0	0
0	0
0	0
0	10
0	10
19	0
4	0
0	0
0	0
0	0
0	0
0	0
0	0
0	0
2	0
0	0
0	0
0	0
0	0
0	0
0	0
0	0
0	0
0	0
0	0
0	0
0	0
0	0
0	0
84	0
433	0
111	0
0	13
2	5
0	12
0	0
0	0
0	0
173	0
21	0
0	25
0	25
0	0
0	0
0	0
0	0
2	0
0	0
0	0
0	0
0	0
0	0
0	0
0	0
0	0
0	0
0	0
0	0
0	0
0	0
1	0
4	0
2	0
155	0
0	0
0	0
0	0
3	3
0	3
0	3
0	3
3	0
15	0
13	0
0	0
3	0
0	2964
7	2964
9	0
0	2
0	2
1	0
19	0
0	7
0	7
0	0
0	0
2	5
0	5
0	0
0	0
0	0
5	0
55	0
80	0
1	0
6	0
87	0
3	3878
0	3878
56	0
2	113
0	113
0	111
0	0
0	0
31	0
2	0
0	0
4	0
43	0
3	2
0	2
0	58
0	56
1	27
1	27
0	16
0	16
239	0
8	0
0	0
0	3
0	3
10	0
0	15
0	10
0	5
0	2
0	2
0	0
0	0
0	2
0	2
0	2
0	0
0	2
0	2
0	2
0	2
0	2
0	2
0	2
0	2
0	2
0	1
32	0
0	0
0	0
59	0
707	0
0	39
0	39
0	39
0	0
48	0
0	23
0	23
0	2
13	6091
0	6091
0	122
0	118
0	49
0	31
0	31
9	98
71	0
0	39
0	25
0	27
0	13
0	24
0	10
0	24
0	10
0	0
7	0
0	0
0	0
0	0
1	0
0	133
0	133
0	7
60	0
2	47
0	47
0	47
0	46
0	47
0	4
0	3
0	2
5	0
7	0
0	9
0	9
0	9
0	3
0	3
0	3
0	3
0	1
0	0
0	0
0	13
0	13
1	13
0	13
0	0
0	0
0	0
0	0
0	0
0	0
93	153
0	153
61	87
0	87
0	2
0	2
0	405
0	418
0	418
0	418
0	418
0	416
1	416
5	107
0	107
0	106
0	1
0	1
0	1
176	0
0	55
0	55
0	50
665	0
28	0
0	52
0	53
0	49
0	50
0	51
0	51
0	47
1	43
0	0
0	0
0	0
77	0
0	25
0	23
0	20
0	18
90	0
28	0
0	0
0	0
0	20
0	20
0	19
0	20
0	19
19	0
0	0
0	0
0	1
0	1
0	0
0	28
0	28
40	0
0	36
0	35
0	6
21	0
123	0
0	0
0	0
0	0
0	0
0	491
0	483
0	462
0	470
0	412
618	0
0	0
0	0
0	0
0	1217
0	1217
1	247
5	251
0	255
0	255
0	96
0	96
0	981
1	981
2	1
0	1
0	1
0	51
2	51
0	9
1	9
10	3
0	3
0	3
0	204
0	206
0	183
147	0
0	398
0	398
0	488
0	488
0	165
1	165
6	168
0	168
0	167
0	167
0	170
0	167
0	30
0	34
0	34
0	29
227	0
0	0
0	1
0	1
0	1
0	1
0	1
0	1
0	1
0	45
0	45
158	0
7	12
8	12
2	0
0	0
93	0
0	92
0	71
0	92
153	0
1	72
0	72
12	70
38	0
0	6
0	6
0	5
0	6
0	6
0	0
0	0
0	0
0	0
0	0
0	0
0	0
0	0
0	0
0	111
0	111
0	0
0	0
0	0
0	0
0	0
0	0
0	0
0	0
0	0
0	0
0	0
0	0
0	0
0	0
0	0
0	0
0	0
53	0
11779	0
7167	0
12	0
4914	0
4543	0
81	0
118	0
1377	0
17	0
42	0
3154	0
504	0
